cate2,paragraph
건물의 개념 및 환경관리의 범위,"건물이란?
“건물”이란 일반적으로 건축물의 한 형태를 말하는데, “건축물”이란 토지에 정착(定着)하는 공작물 중 지붕과 기둥 또는 벽이 있는 것과 이에 딸린 시설물, 지하나 고가(高架)의 공작물에 설치하는 사무소·공연장·점포·차고창고와 주택, 판매시설 등에 해당하는 것을 말합니다(「건축법」 제2조제1항제2호 및 「건축법 시행령」 별표 1).
※ 법령정보 제공범위 이 콘텐츠에서는 업무시설·판매시설 등을 갖춘 건물이나 「건축법 시행령」 별표 1의 용도별 건축물을 포함하고 있는 건물(공동주택 또는 아파트는 제외) 또는 시설에 한해서 법령정보를 제공합니다. 또한, 이 콘텐츠에서 제공되는 법령정보는 건물 환경관리에 관한 모든 법령정보를 제공하는 것은 아니므로 개별 법령에서 건물 환경관리에 관하여 규정된 사항이 있으면 해당 규정에 따라야 합니다.
※ 아파트 등의 관리에 관한 사항은 이 사이트 < 아파트 관리 > 콘텐츠에서 확인하실 수 있습니다.
건물 환경관리의 직·간접적 범위
이 콘텐츠에서는 건물에 직·간접적으로 영향을 주는 오염물질, 공기, 상·하수도 등을 관리하여 쾌적한 환경이 조성되도록 하는 활동을 건물 환경관리로 보고, 이와 관련된 사항을 제공합니다."
건물 환경관리의 주체,"분야별 관리주체
건물의 환경과 관련된 분야별 관리주체는 다음과 같습니다.
구분 분야 적용대상 관리주체
청소관리 쓰레기 배출 각 층 바닥면적의 합계 1천제곱미터 이상 건물 소유자·점유자 또는 관리자
소독관리 건물의 소독 연면적 2천제곱미터 이상의 사무실용 건물 및 복합용도의 건축물 등 관리자
수도 관리 수도시설의 위생관리 연면적 5천제곱미터 이상 건물 등 소유자 또는 관리자
저수조의 청소 및 수질검사 연면적 5천제곱미터 이상 건물 등 소유자 또는 관리자
하수시설 관리 개인하수처리시설(정화조 포함)의 운영 및 관리 정화조를 설치한 건물 소유자 또는 관리자
실내공기질관리 다중이용시설의 실내공기질 관리 다중이용시설(「실내공기질 관리법」 제3조제1항 소유자 또는 관리자 등
금연구역 지정 및 흡연실 설치 연면적 1천제곱미터 이상 건축물 등 소유자·점유자 또는 관리자
조경관리 대지 또는 옥상에 설치된 조경시설 관리 면적 200제곱미터 이상인 대지에 지어진 건축물이나 그 옥상 소유자 또는 관리자
부담금관리 교통유발부담금 납부 인구 10만명 이상의 도시지역에 있는 각 층 바닥면적의 합이 1천제곱미터 이상인 건물 소유자
※ 건물에 설치하는 옥외광고물의 관리주체는 옥외광고허가 또는 신고를 받은 자 또는 설치자입니다. 이와 관련한 더 자세한 사항은 이 콘텐츠 < 옥외광고물 설치자 > 콘텐츠에서 확인하실 수 있습니다.※ 건축물이나 주차수요를 유발하는 시설에는 부설주차장을 설치해야 합니다. 부설주차장 설치 의무 대상 건축물 및 설치 기준 등에 관한 자세한 사항은 이 사이트 < 부설주차장 설치ㆍ운영> 콘텐츠에서 확인하실 수 있습니다."
쓰레기 배출관리,"청결유지의무
건물의 소유자·점유자 또는 관리자(이하 “소유자 등”이라 함)는 그가 소유·점유 또는 관리하고 있는 건물의 청결을 유지하도록 노력해야 하며, 특별자치시장, 특별자치도지사, 시장·군수·구청장이 정하는 계획에 따라 대청소를 해야 합니다(「폐기물관리법」 제7조제2항).
분리배출
각 층 바닥면적의 합계가 1천제곱미터 이상인 건물의 소유자 등은 그 건물에서 배출되는 폐기물 중 재활용할 수 있는 폐기물을 재활용 기준에 따라 재활용하거나 종류·성질·상태별로 분리 보관해서 재활용될 수 있도록 해야 합니다(「자원의 절약과 재활용촉진에 관한 법률」 제12조의3제1항 및 「자원의 절약과 재활용촉진에 관한 법률 시행령」 제14조의6제1항).
※ 폐기물의 재활용 및 분리보관에 관한 기준은 <「자원의 절약과 재활용촉진에 관한 법률 시행규칙」별표 3 > 에서 확인하실 수 있습니다.
분리배출 위반 시의 개선이행조치
폐기물배출자가 재활용 배출기준을 지키지 않은 경우 특별자치시장·특별자치도지사·시장·군수·구청장은 3개월의 범위에서 기간을 정해서 그 지키지 않은 사항의 이행을 명할 수 있습니다(「자원의 절약과 재활용촉진에 관한 법률」 제12조의3제2항 및 「자원의 절약과 재활용촉진에 관한 법률 시행규칙」 제10조의3제2항 본문).
다만, 개선기간 및 수거 여건 등을 고려하여 폐기물배출자가 이행기간의 연장을 신청할 경우에는 3개월의 범위에서 그 기간이 연장될 수 있습니다(「자원의 절약과 재활용촉진에 관한 법률 시행규칙」 제10조의3제2항 단서).
위반 시 제재
폐기물배출자가 개선이행조치명령을 이행하지 않을 경우에는 100만원 이하의 과태료가 부과됩니다(「자원의 절약과 재활용촉진에 관한 법률」 제41조제3항제1호).
보고 및 검사(위탁업무처리에 필요한 경우만 해당)
한국환경공단은 폐기물배출자의 재활용에 관한 기준의 준수 여부를 확인하기 위해서 폐기물배출자에게 필요한 보고를 하게 하거나 자료를 제출하게 할 수 있으며, 관계 직원으로 하여금 그 시설·사업소 또는 사업장 등에 출입해서 관계 서류나 시설·장비 등을 검사하게 할 수 있습니다(「자원의 절약과 재활용촉진에 관한 법률」 제36조제1항제4호 및 「자원의 절약과 재활용촉진에 관한 법률 시행령」 제48조제3항제6호).
위반 시 제재
폐기물배출자가 보고나 자료의 제출을 하지 않거나 거짓 보고나 거짓 자료를 제출한 경우 또는 출입·검사를 거부·방해·기피한 경우에는 300만원 이하의 과태료가 부과됩니다(「자원의 절약과 재활용촉진에 관한 법률」 제41조제2항제16호).
무단투기 금지의무
누구든지 특별자치시장, 특별자치도지사, 시장·군수·구청장이나 공원·도로 등 시설의 관리자가 폐기물의 수집을 위해 마련한 장소나 설비 외의 장소에 폐기물을 버려서는 안 됩니다(「폐기물관리법」 제8조제1항).
생활폐기물을 지정된 장소 외의 장소에 버리거나 매립 또는 소각한 사람에게는 100만원 이하의 과태료가 부과됩니다(「폐기물관리법」 제68조제3항제1호).
※ 수수료 징수
특별자치시장, 특별자치도지사, 시장·군수·구청장은 생활폐기물(음식물류 폐기물 포함)을 처리할 경우에는 배출되는 생활폐기물의 종류, 양 등에 따라 수수료를 징수할 수 있습니다(「폐기물관리법」 제14조제5항 전단).
※ 음식물폐기물 전용봉투의 판매가격 및 수수료 등에 대해서는 각 관할 특별자치시, 특별자치도, 시·군·구의 조례에서 확인하실 수 있으며, 각 조례는 < 국가법령정보센터(www.law.go.kr) 자치법규 > 에서 확인하실 수 있습니다."
소독실시,"소독을 실시해야 하는 건축물
공동주택, 숙박업소 등 여러 사람이 거주하거나 이용하는 시설 중 다음에 해당하는 시설을 관리·운영하는 자는 정해진 기준에 따라 감염병 예방에 필요한 소독을 해야 합니다(「감염병의 예방 및 관리에 관한 법률」 제51조제3항 및 「감염병의 예방 및 관리에 관한 법률 시행령」 제24조).
숙박업소(객실수 20실 이상의 경우만 해당)와 관광숙박업소
식품접객업소(식품접객업 업소 중 연면적 300제곱미터 이상의 업소만 해당)
시내버스·농어촌버스·마을버스·시외버스·전세버스·장의자동차, 항공기 및 공항시설, 여객선, 연면적 300제곱미터 이상의 대합실, 여객운송 철도차량과 역사 및 역 시설
대형마트, 전문점, 백화점, 쇼핑센터, 복합쇼핑몰, 그 밖의 대규모 점포와 전통시장
종합병원·병원·요양병원·치과병원 및 한방병원
집단급식소(집단급식소 중 한 번에 100명 이상에게 계속적으로 식사를 공급하는 경우만 해당)
위탁급식영업을 하는 식품접객업소 중 연면적 300제곱미터 이상의 업소
기숙사
합숙소(50명 이상을 수용할 수 있는 경우만 해당)
공연장(객석수 300석 이상의 공연장만 해당)
학교
학원(연면적 1천제곱미터 이상인 경우만 해당)
연면적 2천제곱미터 이상의 사무실용 건축물 및 복합용도의 건축물
영·유아 어린이집 및 유치원(50명 이상을 수용하는 영·유아 어린이집 및 유치원만 해당)
공동주택(300세대 이상인 경우만 해당)
소독업무의 위탁
소독실시 의무가 있는 건축물 및 시설의 관리·운영자는 소독업의 신고를 한 자에게 소독을 하게 해야 합니다(「감염병의 예방 및 관리에 관한 법률」 제51조제4항 본문).
※ 감염병 예방을 위한 소독의 기준과 방법에 대한 자세한 사항은 <「감염병의 예방 및 관리에 관한 법률 시행규칙」 별표 5 및 별표 6 >에서, 소독횟수 기준에 대한 자세한 사항은 <「감염병의 예방 및 관리에 관한 법률 시행규칙」 별표 7 > 에서 확인하실 수 있습니다.
위반 시 제재
소독실시 의무를 위반하여 소독을 실시하지 않은 건축물의 관리·운영자에게는 100만원 이하의 과태료가 부과됩니다(「감염병의 예방 및 관리에 관한 법률」 제83조제3항제3호)."
저수조 위생관리,"저수조 위생조치 대상 건축물
다음 중 어느 하나에 해당하는 건축물 또는 시설의 소유자나 관리자(이하 “소유자 등”이라 함)는 저수조에 대한 소독 등의 위생조치를 해야 합니다(「수도법」 제33조제2항 및 「수도법 시행령」 제50조제1항).
연면적이 5천제곱미터 이상(건축물 또는 시설 안의 주차장 면적 제외)인 건축물이나 시설
연면적 2천제곱미터 이상인 둘 이상의 용도에 사용되는 건축물
업무시설 중 연면적 3천제곱미터 이상인 업무시설
공연장 중 객석 수 1천석 이상인 공연장
대규모점포(「실내공기질 관리법」 적용 시설 제외)
상점가 중 지하도에 있는 연면적 2천제곱미터 이상인 상점가(「실내공기질 관리법」 적용 시설 제외)
체육시설 중 관람석 1천석 이상인 실내체육시설
학원 중 연면적 2천제곱미터 이상인 학원
아파트 및 그 복리시설
예식장 중 연면적 2천제곱미터 이상인 예식장
※ “저수조”란 먹는물의 수질기준에 적합한 비상용수를 공급하는 급수시설을 말합니다(「주택건설기준 등에 관한 규정」 제35조제1항).
저수조 위생조치 대상 건물의 연면적 계산 시 둘 이상의 건축물로 이루어진 시설의 경우에는 개별 건축물의 연면적을 모두 합산한 면적으로 합니다(「수도법 시행령」 제50조제2항).
저수조 청소
저수조 위생조치 대상 건물의 소유자 등은 반기 1회 이상 저수조를 청소해야 하고, 저수조가 신축되었거나 1개월 이상 사용이 중단된 경우에는 사용 전에 청소를 해야 합니다(「수도법 시행규칙」 제22조의3제1항 및 제2항).
저수조 위생점검
저수조 위생조치 대상 건물의 소유자 등은 월 1회 이상 저수조의 위생상태를 점검기준에 따라 점검해야 합니다(「수도법 시행규칙」 제22조의3제1항 및 별표 6의2).
저수조 위생조치 대상 건물의 소유자 등은 청소를 하는 경우, 청소에 사용된 약품으로 인해 「먹는물 수질기준 및 검사 등에 관한 규칙」 별표 1에 따른 먹는물의 수질기준이 초과되지 않도록 해야 하며, 청소 후에는 저수조에 채워진 물이 다음의 기준을 충족하는지 여부를 점검해야 합니다(「수도법 시행규칙」 제22조의3제3항).
잔류염소: 리터당 0.1밀리그램 이상 4.0밀리그램 이하
수소이온농도(pH): 5.8 이상 8.5 이하
탁도: 0.5NTU(네펠로메트릭 탁도 단위, Nephelometric Turbidity Unit) 이하
저수조 위생조치 대상 건물의 소유자 등은 저수조의 청소와 위생상태의 점검을 저수조청소업자에게 대행하게 할 수 있습니다(「수도법 시행규칙」 제22조의4제1항).
위반 시 제재
저수조 위생조치 대상 건물의 소유자 등이 위생조치를 하지 않은 경우에는 2년 이하의 징역 또는 2천만원 이하의 벌금에 처해 집니다(「수도법」 제83조제6호).
수질검사의 실시 및 조치
저수조 위생조치 대상 건물의 소유자 등은 매년 마지막 검사일부터 1년이 되는 날이 속하는 달의 말일까지의 기간 중에 1회 이상 수돗물의 안전한 위생관리를 위하여 먹는물 수질검사기관에 의뢰하여 수질검사를 해야 합니다(「수도법」 제33조제2항 및「수도법 시행규칙」 제22조의3제4항).
저수조 위생조치 대상 건물의 소유자 등은 수질검사 결과가 수질기준에 위반되면 지체 없이 그 원인을 규명하여 배수 또는 저수조의 청소를 하는 등 필요한 조치를 신속하게 해야 합니다(「수도법 시행규칙」 제22조의3제7항).
수질검사 결과의 게시
저수조 위생조치 대상 건물의 소유자 등은 수질검사 결과를 게시판에 게시하거나 전단을 배포하는 등의 방법으로 해당 건축물이나 시설의 이용자에게 수질검사 결과를 공지해야 합니다(「수도법 시행규칙」 제22조의3제6항).
위반 시 제재
저수조 위생조치 대상 건물의 소유자 등이 수질검사를 하지 않은 경우에는 2년 이하의 징역 또는 2천만원 이하의 벌금에 처해 집니다(「수도법」 제83조제6호).
교육수료 의무
저수조 위생조치 대상 건물의 소유자 등은 다음 중 어느 하나에 해당하는 기관이나 단체에서 실시하는 수도시설의 관리에 관한 교육을 받아야 합니다(「수도법」 제36조제1항제1호 및 「수도법 시행령」 제52조제4항).
한국상하수도협회
한국수자원공사
환경보전협회
한국환경공단
일반수도사업자가 운영하는 교육기관 중 적정한 인력 등을 갖추었다고 환경부장관이 인정하는 기관
그 밖에 교육업무를 수행할 능력이 있다고 인정되어 「수도법 시행규칙」으로 정하는 기관
※ 수도시설 관리교육에 관한 자세한 사항은 < 환경보전협회 – 교육안내 – 수도시설의 관리자 – 건축물관리자 >에서 확인하실 수 있습니다.
위반 시 제재
저수조 위생조치 대상 건물의 소유자 등이 교육을 받지 않은 경우에는 100만원 이하의 과태료가 부과됩니다(「수도법」 제87조제4항제7호가목)."
급수관 관리,"급수관 검사 대상 건축물
다음 중 어느 하나에 해당하는 건축물 또는 시설의 소유자나 관리자(이하 “소유자 등”이라 함)는 급수관(일반수도사업자가 수도시설관리권을 가지는 부분 제외)을 주기적으로 검사하고, 그 결과에 따라 세척·갱생·교체 등 필요한 조치를 해야 합니다(「수도법」 제33조제3항 및 「수도법 시행령」 제51조제1항).
다음에 해당하는 건축물 또는 시설로서 연면적 6만제곱미터 이상인 건축물 또는 시설
√ 대규모점포
√ 아파트(「수도법 시행령」 제51조제2항)
√ 운수시설
√ 그 밖에 안전한 수돗물의 공급을 위하여 특히 필요하다고 인정하여 조례로 정하는 시설
√ 일반업무시설
다음에 해당하는 건축물 또는 시설로서 연면적 5천제곱미터 이상인 건축물 또는 시설
√ 의료시설
√ 학교(「수도법 시행령」 제51조제3항제1호)
√ 국가나 지방자치단체가 설치한 도서관(「수도법 시행령」 제51조제3항제2호)
√ 노유자시설(「수도법 시행령」 제51조제4항제1호)
√ 생활권 수련시설(「수도법 시행령」 제51조제4항제2호)
√ 자연권 수련시설(「수도법 시행령」 제51조제4항제3호)
√ 유스호스텔(「수도법 시행령」 제51조제4항제4호)
√ 운동시설(「수도법 시행령」 제51조제4항제5호)
√ 교정시설(「수도법 시행령」 제51조제5항제1호)
√ 갱생보호시설(「수도법 시행령」 제51조제5항제2호)
√ 소년원 및 소년분류심사원(「수도법 시행령」 제51조제5항제3호)
√ 그 밖에 안전한 수돗물의 공급을 위하여 특히 필요하다고 인정하여 조례로 정하는 시설
√ 공공업무시설
급수관 검사주기
급수관 검사 대상 건축물 또는 시설의 소유자 등은 다음의 구분에 따라 급수관의 상태에 대하여 「수도법 시행규칙」 별표 7에 따른 일반검사를 해야 합니다(「수도법 시행규칙」 제23조제1항).
최초 일반검사: 해당 건축물 또는 시설의 준공검사(급수관의 갱생·교체 등의 조치를 한 경우 포함)를 실시한 날부터 5년이 경과한 날을 기준으로 6개월 이내에 실시
2회 이후의 일반검사: 최근 일반검사를 받은 날부터 2년이 되는 날까지 매 2년마다 실시
급수관 세척 및 교체
급수관 검사 대상 건축물 또는 시설의 소유자 등은 일반검사를 실시한 결과 검사항목 중 탁도, 수소이온 농도, 색도 또는 철에 대한 검사기준을 초과하는 경우에는 급수관을 세척(급수관 내부의 이물질이나 미생물막 등을 관에 손상을 주지 않으면서 물이나 공기를 주입하는 방법 등으로 제거하는 것)해야 합니다(「수도법 시행규칙」 제23조제2항 본문).
급수관 검사 대상 건축물 또는 시설의 소유자 등은 일반검사 결과가 다음 중 어느 하나에 해당하면 「수도법 시행규칙」 별표 7에 따른 전문검사를 하고, 급수관을 갱생해야 합니다(「수도법 시행규칙」 제23조제3항 본문).
일반검사의 검사항목에 대한 검사기준을 2회 연속 초과하는 경우
일반검사의 검사항목 중 납·구리 또는 아연에 대한 검사기준을 초과하는 경우
다만, 전문검사 결과 갱생만으로는 내구성을 유지하기 어려울 정도로 노후한 급수관은 새 급수관으로 교체해야 합니다(「수도법 시행규칙」 제23조제3항 단서).
급수관 상태검사 공지 및 보고
급수관 검사 대상 건축물 또는 시설의 소유자 등은 일반검사 또는 전문검사를 실시한 경우에는 그 결과를 일반수도사업자에게 통보하고, 해당 건축물 또는 시설의 게시판에 게시하거나 전단을 배포하는 등의 방법으로 이용자에게 공지해야 합니다(「수도법 시행규칙」 제23조제4항).
급수관 검사 대상 건축물 또는 시설의 소유자 등은 세척·갱생·교체 등의 조치를 한 경우에는 그 결과를 일반수도사업자에게 보고하고, 그와 관련된 자료를 3년 이상 보존해야 합니다(「수도법 시행규칙」 제23조제5항).
위반 시 제재
급수관 검사 대상 건축물 또는 시설의 소유자 등이 급수관 세척 등의 조치를 하지 않은 경우에는 2년 이하의 징역 또는 2천만원 이하의 벌금에 처해 집니다(「수도법」 제83조제6호)."
개인하수처리시설의 청소 등,"설치 의무
오수를 배출하는 건물·시설 등을 설치하는 자는 단독 또는 공동으로 개인하수처리시설을 설치해야 합니다(「하수도법」 제34조제1항 본문).
다만, 다음 중 어느 하나에 해당하는 경우에는 개인하수처리시설을 설치하지 않아도 됩니다(「하수도법」 제34조제1항 단서 및 「하수도법 시행규칙」 제26조제1항).
공공폐수처리시설로 오수를 유입시켜 처리하는 경우
오수를 흐르도록 하기 위한 분류식하수관로로 배수설비를 연결하여 오수를 공공하수처리시설에 유입시켜 처리하는 경우
공공하수도 관리청이 일정한 기준·절차에 따라 하수관로 정비구역으로 공고한 지역에서 합류식하수관로로 배수설비를 연결하여 공공하수처리시설에 오수를 유입시켜 처리하는 경우
건물·시설 등을 설치하는 자가 오수를 분뇨수집·운반업자에게 위탁하여 공공하수처리시설·공공폐수처리시설 또는 자기의 오수처리시설로 운반하여 처리하는 경우
건물·시설 등을 설치하는 자가 오수를 같은 사업장에 설치된 오수처리시설로 운반하여 처리하는 경우
관리기준
개인하수처리시설의 소유자 또는 관리자(이하 “소유자 등”이라 함)는 방류수의 수질자가측정 및 내부청소 등에 관하여 다음 기준에 따라 그 시설을 유지·관리해야 합니다(「하수도법」 제39조제2항 및 「하수도법 시행규칙」 제33조제1항 본문).
개인하수처리시설의 관리자는 다음 기간마다 그 시설로부터 배출되는 방류수의 수질을 자가측정하거나 측정대행업자가 측정하게 하고, 그 결과를 기록하여 3년 동안 보관할 것
√ 1일 처리용량이 200세제곱미터 이상인 오수처리시설과 1일 처리대상 인원이 2천 명 이상인 정화조： 6개월마다 1회 이상
√ 1일 처리용량이 50세제곱미터 이상 200세제곱미터 미만인 오수처리시설과 1일 처리대상 인원이 1천 명 이상 2천 명 미만인 정화조： 연 1회 이상
정화조는 연 1회 이상 내부청소를 할 것
오수처리시설은 그 기능이 정상적으로 유지될 수 있도록 침전 찌꺼기와 부유 물질 제거 등 내부청소를 할 것
오수처리시설의 청소 과정에서 발생된 찌꺼기를 탈수하여 처리하거나 분뇨수집·운반업자에게 위탁하여 처리할 것
1일 처리대상 인원이 500명 이상인 정화조에서 배출되는 방류수는 염소 등으로 소독할 것
공공하수처리시설 또는 공공폐수처리시설로 오수를 유입시켜 처리하는 지역에 설치된 개인하수처리시설에는 자가측정 결과를 보관하거나 염소 등으로 소독할 필요는 없으며, 연 1회 이상 내부청소만 하면 됩니다(「하수도법 시행규칙」 제33조제1항 단서).
개인하수처리시설을 그 기준에 적합하지 않게 유지·관리한 자에게는 100만원 이하의 과태료가 부과됩니다(「하수도법」 제80조제4항제12호).
금지행위
개인하수처리시설의 소유자 등은 개인하수처리시설을 운영·관리할 때에는 다음 중 어느 하나에 해당하는 행위를 해서는 안 됩니다(「하수도법」 제39조제1항).
건물·시설 등에서 발생하는 오수를 개인하수처리시설에 유입시키지 않고 배출하거나 개인하수처리시설에 유입시키지 않고 배출할 수 있는 시설을 설치하는 행위
개인하수처리시설에 유입되는 오수를 최종방류구를 거치지 않고 중간배출하거나 중간배출할 수 있는 시설을 설치하는 행위
건물·시설 등에서 발생하는 오수에 물을 섞어 처리하거나 물을 섞어 배출하는 행위
정당한 사유 없이 개인하수처리시설을 정상적으로 가동하지 않아 방류수수질기준을 초과하여 배출하는 행위
위반 시 제재
개인하수처리시설의 소유자 등이 금지행위를 한 경우에는 1년 이하의 징역 또는 1천만원 이하의 벌금에 처해 집니다(「하수도법」 제77조제7호)."
실내공기질 관리기준,"실내공기질 관리 대상 건축물
다음 중 어느 하나에 해당하는 다중이용시설의 소유자·점유자 또는 관리자 등 관리책임이 있는 자(이하 “관리책임자”라 함)는 다중이용시설 내부의 쾌적한 공기질을 유지하기 위한 기준에 맞게 시설을 관리해야 합니다(「실내공기질 관리법」 제3조제1항, 제5조제1항 및 「실내공기질 관리법 시행령」 제2조제1항).
모든 지하역사(출입통로·대합실·승강장 및 환승통로와 이에 딸린 시설을 포함)
연면적 2천제곱미터 이상인 지하도상가(지상건물에 딸린 지하층의 시설 포함, 이 경우 연속되어 있는 둘 이상의 지하도상가의 연면적 합계가 2천제곱미터 이상인 경우도 포함)
철도역사의 연면적 2천제곱미터 이상인 대합실
여객자동차터미널의 연면적 2천제곱미터 이상인 대합실
항만시설 중 연면적 5천제곱미터 이상인 대합실
공항시설 중 연면적 1천5백제곱미터 이상인 여객터미널
연면적 3천제곱미터 이상인 도서관
연면적 3천제곱미터 이상인 박물관 및 미술관
연면적 2천제곱미터 이상이거나 병상 수 100개 이상인 의료기관
연면적 500제곱미터 이상인 산후조리원
연면적 1천제곱미터 이상인 노인요양시설
연면적 430제곱미터 이상인 어린이집
연면적 430제곱미터 이상인 실내 어린이놀이시설
모든 대규모점포
연면적 1천제곱미터 이상인 장례식장(지하에 위치한 시설로 한정)
모든 영화상영관(실내 영화상영관으로 한정)
연면적 1천제곱미터 이상인 학원
연면적 2천제곱미터 이상인 전시시설(옥내시설로 한정)
연면적 300제곱미터 이상인 인터넷컴퓨터게임시설제공업의 영업시설
연면적 2천제곱미터 이상인 실내주차장(기계식 주차장 제외)
연면적 3천제곱미터 이상인 업무시설
연면적 2천제곱미터 이상인 둘 이상의 용도(「건축법」 제2조제2항에 따라 구분된 용도)에 사용되는 건축물
객석 수 1천석 이상인 실내 공연장
관람석 수 1천석 이상인 실내 체육시설
연면적 1천제곱미터 이상인 목욕장업의 영업시설
실내공기질 관리 대상 건축물의 관리기준
실내공기질 관리 대상 건축물의 실내공기질 유지기준은 다음과 같습니다(「실내공기질 관리법」 제5조제2항전단, 「실내공기질 관리법 시행규칙」제3조 및 별표 2).
오염물질 항목다중이용시설 미세먼지(PM-10)(㎍/㎥) 미세먼지(PM-25)(㎍/㎥) 이산화탄소(ppm) 폼알데하이드(㎍/㎥) 총부유세균(CFU/㎥) 일산화탄소(ppm)
지하역사, 지하도상가, 철도역사의 대합실, 여객자동차터미널의 대합실, 항만시설 중 대합실, 공항시설 중 여객터미널, 도서관·박물관 및 미술관, 장례식장, 영화상영관, 학원, 전시시설, 인터넷컴퓨터게임시설제공업의 영업시설, 목욕장업의 영업시설 100이하 50이하     1,000이하     100이하 - 10이하
의료기관, 어린이집, 실내 어린이놀이시설, 노인요양시설, 산후조리원 75이하 35이하 80이하  800이하
실내주차장 200이하 - 100이하 -  25이하
실내 체육시설, 실내 공연장, 업무시설, 둘 이상의 용도에 사용되는 건축물 200이하 - - - - -
어린이, 노인, 임산부 등 오염물질에 노출될 경우 건강피해 우려가 큰 취약계층이 주로 이용하는 다중이용시설로서 일정한 시설과 미세먼지 등의 오염물질에 대하여는 더욱 엄격한 공기질 유지기준을 정하여야 합니다(「실내공기질 관리법」 제5조제2항후단).
특별시·광역시·특별자치시·도 또는 특별자치도는 지역환경의 특수성을 고려해서 필요하다고 인정하는 경우에는 그 시·도의 조례로 위의 공기질 유지기준보다 엄격하게 해당 시·도에 적용할 공기질 유지기준을 정할 수 있습니다(「실내공기질 관리법」 제5조제3항).
위반 시 제재
특별자치시장·특별자치도지사·시장·군수·구청장은 다중이용시설이 공기질 유지기준에 맞지 않게 관리되는 경우에는 일정 기간을 정하여 그 다중이용시설의 관리책임자에게 공기정화설비 또는 환기설비 등의 개선이나 대체 그 밖의 필요한 조치(이하 “개선명령”이라 함)를 할 것을 명령할 수 있습니다(「실내공기질 관리법」 제10조).
관리책임자가 개선명령을 이행하지 않을 경우에는 1년 이하의 징역 또는 1천만원 이하의 벌금에 처해 집니다(「실내공기질 관리법」 제14조제1항제1호).
관리책임자가 실내공기질 유지기준에 맞게 시설을 관리하지 않은 경우(환경부장관, 시·도지사 또는 다중이용시설의 소유자 등이 실내공기질을 측정한 결과가 공기질 유지기준에 맞지 않은 경우 제외)에는 1천만원 이하의 과태료가 부과됩니다(「실내공기질 관리법」 제16조제2항).
※ 실내공기질 관리와 관련한 더 자세한 사항은 이 콘텐츠 < 공기보호 – 실내공기질 관리 >에서 확인하실 수 있습니다."
금연구역 지정,"금연구역 지정대상 건축물
다음에 해당하는 공중이 이용하는 시설의 소유자·점유자 또는 관리자(이하 “소유자 등”이라 함)는 해당 시설 전체를 금연구역으로 지정하고, 금연구역을 알리는 표지를 설치해야 합니다(「국민건강증진법」 제9조제4항 전단 및 「국민건강증진법 시행규칙」 제6조).
국회의 청사
정부 및 지방자치단체의 청사
법원과 그 소속 기관의 청사
공공기관의 청사
지방공기업의 청사
학교[교사(校舍)와 운동장 등 모든 구역 포함]
학교(대학 등)의 교사
의료기관, 보건소·보건의료원·보건지소
어린이집
청소년수련관, 청소년수련원, 청소년문화의집, 청소년특화시설, 청소년야영장, 유스호스텔, 청소년이용시설 등 청소년활동시설
도서관
어린이놀이시설
학원 중 학교교과교습학원과 연면적 1천제곱미터 이상의 학원
공항·여객부두·철도역·여객자동차터미널 등 교통 관련 시설의 대합실·승강장, 지하보도 및 16인승 이상의 교통수단으로서 여객 또는 화물을 유상으로 운송하는 것
어린이 운송용 승합자동차
연면적 1천제곱미터 이상의 사무용 건축물, 공장 및 복합용도의 건축물
공연장으로서 객석 수 300석 이상의 공연장
개설 등록된 대규모점포와 같은 법에 따른 상점가 중 지하도에 있는 상점가
관광숙박업소
체육시설로서 1천명 이상의 관객을 수용할 수 있는 체육시설과 체육시설업에 해당하는 체육시설로서 실내에 설치된 체육시설
사회복지시설
목욕장
청소년게임제공업소, 일반게임제공업소, 인터넷컴퓨터게임시설제공업소 및 복합유통게임제공업소
식품접객업 중 모든 휴게음식점영업소, 일반음식점영업소 및 제과점영업소(「국민건강증진법 시행규칙」 제6조제1항제3호)
식품소분·판매업 중 다음에 해당하는 넓이 이상인 실내 휴게공간을 마련하여 운영하는 식품자동판매기 영업소(「국민건강증진법 시행규칙」 제6조제2항)
√ 2018년 12월 31일까지: 실내 휴게공간의 넓이가 75제곱미터 이상인 영업소
√ 2019년 1월 1일부터: 실내 휴게공간이 있는 모든 영업소
만화대여업소
휴게시설 중 고속국도에 설치한 휴게시설(주유소, 충전소 및 교통·관광안내소 포함) 및 그 부속시설(지붕이 없는 건물 복도나 통로, 계단 포함)[「국민건강증진법 시행규칙」 제6조제3항]
금연구역의 표시
금연구역을 지정·관리해야 하는 소유자 등은 해당 시설 전체가 금연구역임을 나타내는 표지판 또는 스티커를 달거나 부착해야 합니다(「국민건강증진법」 제9조제4항 후단 및 「국민건강증진법 시행규칙」 별표 2, 1. 가.).
※ 금연구역을 지정하는 경우에는 흡연자를 위한 흡연실을 설치할 수 있으며, 흡연실의 설치 기준 및 방법 등은 <「국민건강증진법 시행규칙」 별표 2 >에서 확인할 수 있습니다.
금연구역임을 나타내는 표지판 또는 스티커는 해당 시설을 이용하는 사람이 잘 볼 수 있도록 건물 출입구와 그 외 계단, 화장실 등 주요 위치에 부착해야 합니다(「국민건강증진법 시행규칙」 별표 2, 1. 가.).
금연표시의 예시(「국민건강증진법 시행규칙」 별표 2, 1. 나.)
<건물>
<시설>
<그 밖의 경우>
금연구역 준수의무
누구든지 지정된 금연구역에서 흡연을 해서는 안 됩니다(「국민건강증진법」 제9조제8항).
이를 위반하여 금연구역에서 흡연을 한 사람에게는 10만원 이하의 과태료가 부과됩니다(「국민건강증진법」 제34조제3항).
과태료 납부 대상자가 일정 교육 또는 금연지원 서비스를 받은 경우 특별시장·광역시장·특별자치시장·도지사·특별자치도지사(이하 ""시·도지사""라 함) 및 시장·군수·구청장(자치구의 구청장에 한함)은 과태료를 감면할 수 있습니다(「국민건강증진법」 제34조제5항).
시정 명령
금연구역을 지정·관리해야 하는 소유자 등이 다음 중 어느 하나에 해당하는 행위를 한 경우 특별자치시장·특별자치도지사·시장·군수·구청장은 일정한 기간을 정하여 그 시정을 명할 수 있습니다(「국민건강증진법」 제9조제9항).
금연구역을 지정하지 않거나 금연구역을 알리는 표지를 설치하지 않은 경우
금연구역을 알리는 표지 또는 흡연실의 설치 기준 및 방법 등을 위반한 경우
시정명령을 따르지 않은 소유자 등에게는 500만원 이하의 과태료가 부과됩니다(「국민건강증진법」 제34조제1항제2호).
※ 금연구역 지정 및 흡연실 설치 등에 관한 더 자세한 사항은 이 콘텐츠 < 금연 – 금연환경 조성 – 간접흡연 피해 방지> 에서 확인하실 수 있습니다."
조경 및 공개 공지 등,"조경 대상 건축물
면적이 200제곱미터 이상인 대지에 건축을 하는 건축주는 용도지역 및 건축물의 규모에 따라 해당 지방자치단체의 조례로 정하는 기준에 따라 대지에 조경이나 그 밖에 필요한 조치를 해야 합니다(「건축법」 제42조제1항 본문).
※ 조경의 개념 “조경”이란 경관을 생태적, 기능적, 심미적으로 조성하기 위하여 식물을 이용한 식생공간을 만들거나 조경시설을 설치하는 것을 말합니다[「조경기준」(국토교통부 고시 제2018-413호, 2018. 7. 3. 발령·시행) 제3조제1호].※ 조경설치 예외 대상 건축물 다음 중 어느 하나에 해당하는 건축물에 대해서는 조경 등의 조치를 하지 않을 수 있습니다(「건축법」 제42조제1항 단서 및 「건축법 시행령」 제27조제1항).1. 녹지지역에 건축하는 건축물2. 면적 5천 제곱미터 미만인 대지에 건축하는 공장3. 연면적의 합계가 1천500제곱미터 미만인 공장4. 산업단지의 공장5. 대지에 염분이 함유되어 있는 경우 또는 건축물 용도의 특성상 조경 등의 조치를 하기가 곤란하거나 조경 등의 조치를 하는 것이 불합리한 경우로서 건축조례로 정하는 건축물6. 축사7. 가설건축물8. 연면적의 합계가 1천500제곱미터 미만인 물류시설(주거지역 또는 상업지역에 건축하는 것 제외, 「물류정책기본법」 제2조제4호에 해당하는 물류시설)9. 자연환경보전지역·농림지역 또는 관리지역(지구단위계획구역으로 지정된 지역 제외)의 건축물10. 다음 중 어느 하나에 해당하는 건축물 중 건축조례로 정하는 건축물가. 관광지 또는 관광단지에 설치하는 관광시설나. 전문휴양업의 시설 또는 종합휴양업의 시설다. 관광·휴양형 지구단위계획구역에 설치하는 관광시설라. 골프장
조경면적의 산정
조경면적은 수목이나 잔디 등의 식물이 기준에 따라 심어진 면적(이하 “식재면적”이라 함)과 조경시설공간의 면적을 합한 면적으로 산정하며 다음의 기준에 적합하게 배치해야 합니다(「조경기준」 제3조제5호 및 제4조).
식재면적은 해당 지방자치단체의 조례에서 정하는 조경면적의 50% 이상
하나의 식재면적은 한 변의 길이가 1미터 이상으로서 1제곱미터 이상
하나의 조경시설공간의 면적은 10제곱미터 이상
※ 그 밖에 옥상조경의 설치 및 조경관리에 관한 자세한 사항은 < 조경기준> 에서 확인하실 수 있습니다.
공개 공지 등의 설치기준
다음 중 어느 하나에 해당하는 지역에 세워지는 일정 기준의 건축물은 환경을 쾌적하게 조성하기 위하여 일반이 사용할 수 있도록 소규모 휴식시설 등의 공개 공지(空地: 공터) 또는 공개 공간(이하 “공개 공지 등”이라 함)을 설치해야 합니다(「건축법」 제43조제1항).
일반주거지역, 준주거지역
상업지역
준공업지역
특별자치시장·특별자치도지사 또는 시장·군수·구청장이 도시화의 가능성이 크다고 인정하여 지정·공고하는 지역
공개 공지 등을 확보해야 하는 건축물의 기준은 다음과 같습니다(「건축법」 제43조제1항 및 「건축법 시행령」 제27조의2제1항).
문화 및 집회시설, 종교시설, 판매시설(농수산물유통시설 제외), 운수시설(여객용 시설만 해당), 업무시설 및 숙박시설로서 해당 용도로 쓰는 바닥면적의 합계가 5천 제곱미터 이상인 건축물
그 밖에 다중이 이용하는 시설로서 건축조례로 정하는 건축물
공개공지등을 설치할 때에는 모든 사람들이 환경친화적으로 편리하게 이용할 수 있도록 긴 의자 또는 조경시설 등 건축조례로 정하는 시설을 설치해야 합니다(「건축법 시행령」 제27조의2제3항).
위의 경우 공개 공지는 필로티의 구조로 설치할 수 있습니다(「건축법 시행령」 제27조의2제1항 후단)."
교통유발부담금 납부,"교통유발부담금이란?
교통유발부담금이란 교통혼잡을 완화하기 위하여 원인자 부담의 원칙에 따라 혼잡을 유발하는 시설물에 부과하는 경제적 부담을 말합니다(「도시교통정비 촉진법」 제2조제9호).
교통유발부담금의 부과대상
특별시장·광역시장·특별자치시장 및 특별자치도지사(이하 “시장 등”이라 함)는 도시교통정비지역에서 교통혼잡의 원인이 되는 시설물의 소유자에게 매년 교통유발부담금(이하 “부담금”이라 함)을 부과·징수할 수 있습니다(「도시교통정비 촉진법」 제36조제1항).
부담금은 인구 10만명 이상의 도시(도농복합형태의 시는 읍·면지역을 제외한 지역의 인구가 10만명 이상인 경우) 지역에 있는 시설물로서 해당 시설물의 각 층 바닥면적을 합한 면적이 1천제곱미터 이상인 시설물에 부과됩니다(「도시교통정비 촉진법」 제3조제1항제1호, 제36조제2항 및 「도시교통정비 촉진법 시행령」 제16조제1항 본문).
다만, 부담금이 부과되는 시설물이 주택단지에 위치한 시설물로서 도로(주택단지의 도로 제외)변에 위치하지 않은 시설물인 경우에는 그 시설물의 각층 바닥면적을 합한 면적이 3천 제곱미터 이상인 경우에 부담금이 부과됩니다(「도시교통정비 촉진법 시행령」제16조제1항 단서).
교통유발부담금을 부과하지 않는 시설물
다음 중 어느 하나에 해당하는 시설물에는 그 시설물을 해당 목적 외로 사용하는 경우를 제외하고는 부담금이 부과되지 않습니다(「도시교통정비 촉진법」 제36조제8항).
주한 외국 정부기관, 주한 국제기구 및 외국 원조단체 소유의 시설물
주거용 건물(복합용도 시설물의 주거용 부분 포함)
그 밖에 교통유발량(交通誘發量)이 현저히 적거나 공익상 불가피한 사유로 부담금 부과가 적절하지 않은 시설물 또는 국가유공자단체 등 비영리공공단체가 직접 업무에 사용하는 시설물로서 「도시교통정비 촉진법 시행령」제17조제1항에서 정하고 있는 시설물
교통유발부담금의 산정기준
시설물에 대한 부담금은 다음 계산식에 따라 계산하고, 시설물이 복합용도일 경우에는 시설물의 용도별 각층 바닥면적을 합한 면적(부담금이 면제되는 시설물에 해당하는 면적은 각층 바닥면적을 합한 면적에서 제외)을 기준으로 계산합니다(「도시교통정비 촉진법」 제37조제1항 및 「도시교통정비 촉진법 시행령」제20조).
부담금＝시설물의 각 층 바닥면적의 합계×단위부담금×교통유발계수
교통유발부담금의 경감
시장 등은 다음 중 어느 하나에 해당하는 경우에는 부담금을 경감(輕減)할 수 있습니다(「도시교통정비 촉진법」 제38조).
시설물의 소유자가 휴업 등 특별한 사유로 30일 이상 그 시설물을 사용하지 않는 경우
시설물의 소유자 또는 「도시교통정비 촉진법」 제44조에 따른 조합이 시설물을 출입하는 교통량을 줄이기 위한 프로그램을 실시하는 경우
그 밖에 공익상 불가피하거나 교통수요관리의 촉진을 위하여 필요한 경우
교통유발부담금의 미납 시 제재
시장 등은 부담금을 내야 할 자가 납부기간에 그 부담금을 내지 않는 경우에는 납부기간이 지난 날부터 20일 이내에 15일 이내의 납부기한을 정하여 독촉장을 발급하고, 체납된 부담금의 3%에 해당하는 가산금을 부가합니다(「도시교통정비 촉진법」 제40조제1항).
부담금 납부에 대한 독촉을 받은 자가 그 기간에 부담금을 내지 않는 경우에는 「지방행정제재·부과금의 징수 등에 관한 법률」에 따라 징수할 수 있습니다(「도시교통정비 촉진법」 제40조제2항)."
건물 및 안전관리의 개념,"건물이란?
“건물”이란 건축물의 한 형태로서 토지에 정착(定着)하는 공작물 중 지붕과 기둥 또는 벽이 있는 것과 이에 딸린 시설물, 지하나 고가(高架)의 공작물에 설치하는 사무소·공연장·점포·차고·창고와 주택, 판매시설 등에 해당하는 것을 말합니다(「건축법」 제2조제1항제2호 및 「건축법 시행령」 별표 1, 별표2).
※ 현 콘텐츠의 법령정보 제공범위 이 콘텐츠에서는 업무시설·판매시설 등을 갖춘 건물이나 「건축법 시행령」 별표 1의 용도별 건축물을 포함하고 있는 건물(공동주택 또는 아파트는 제외) 또는 시설에 한해서 법령정보를 제공합니다. 또한, 이 콘텐츠에서 제공되는 법령정보는 건물 안전관리에 관한 모든 법령정보를 제공하는 것은 아니므로 개별 법령에서 건물의 안전관리에 관해 규정한 사항이 있으면 해당 규정에 따라야 합니다.
※ 아파트 등의 안전관리에 관한 사항은 이 사이트 < 아파트 관리 > 콘텐츠에서 확인하실 수 있습니다.
건물의 안전관리란?
“건물의 안전관리”란 건축물의 안전점검과 적정한 유지관리를 통하여 재해와 재난을 예방하고 건축물의 효용을 증진시키기 위한 행위를 말합니다(「시설물의 안전 및 유지관리에 관한 특별법」 제1조 참조)."
건물 안전의 관리주체,"관리주체
건물의 안전관리 분야별 관리주체는 다음과 같습니다.
구분 분야 적용대상 관리주체
안전점검 정기안전점검 및 정밀안전점검 제1종시설물 및 제2종 시설물 소유자 또는 관리자
정기안전점검 제3종 시설물 소유자 또는 관리자
전기 안전 일반용 전기설비의 정기검사 및 안전관리자의 선임의무 일반용 전기설비가 설치된 건물 소유자 또는 점유자
자가용 전기설비의 정기검사 및 안전관리자의 선임의무 자가용 전기설비가 설치된 건물 소유자 또는 점유자
승강기안전  승강기 검사 및 안전관리자의 선임의무 승강기가 설치된 건물 소유자 또는 관리자 등
가스안전 가스안전관리자의 선임의무 도시가스가 설치된 건물 소유자 또는 사용자
보일러안전  보일러의 검사 및 보일러 관리자의 선임의무 보일러가 설치된 건물 설치자(소유자)
그 밖의 안전 특수건물의 보험가입 의무 특수건물 소유자·관리자 또는 점유자
제설·제빙 작업 의무 모든 건물 소유자 또는 사용자
※ 소방안전관리의 대상물 및 주체에 대한 자세한 사항은 이 콘텐츠 < 소방안전관리 > 콘텐츠에서 확인하실 수 있습니다."
안전점검의 대상,"안전점검의 대상인 시설물의 범위
관계 법령에 따라 해당 시설물의 관리자로 규정된 자나 해당 시설물의 소유자(이하 “관리주체”라 함)는 소관 시설물의 안전과 기능을 유지하기 위하여 정기적으로 안전점검을 실시해야 합니다(「시설물의 안전 및 유지관리에 관한 특별법」 제11조제1항 본문).
관리주체가 안전점검을 실시해야 하는 시설물 및 시설물에 따른 안전점검의 종류는 다음과 같습니다(「시설물의 안전 및 유지관리에 관한 특별법 시행령」 제8조제1항).
제1종시설물 및 제2종시설물: 정기안전점검 및 정밀안전점검
제3종시설물: 정기안전점검
※ 시설물의 종류(「시설물의 안전 및 유지관리에 관한 특별법」 제7조) 제1종시설물: 공중의 이용편의와 안전을 도모하기 위하여 특별히 관리할 필요가 있거나 구조상 안전 및 유지관리에 고도의 기술이 필요한 대규모 시설물로서 다음에 해당하는 건축물(「시설물의 안전 및 유지관리에 관한 특별법 시행령」 제4조 및 별표 1 제5호) 21층 이상 또는 연면적 5만 제곱미터 이상의 건축물 연면적 3만 제곱미터 이상의 철도역시설 및 관람장 연면적 1만 제곱미터 이상의 지하도상가(지하보도면적 포함) 제2종시설물: 제1종시설물 외에 사회기반시설 등 재난이 발생할 위험이 높거나 재난을 예방하기 위하여 계속적으로 관리할 필요가 있는 시설물로서 다음에 해당하는 건축물(「시설물의 안전 및 유지관리에 관한 특별법 시행령」 제4조 및 별표 1 제5호) 제1종시설물에 해당하지 않는 건축물로서 16층 이상 또는 연면적 3만 제곱미터 이상의 건축물 제1종시설물에 해당하지 않는 건축물로서 연면적 5천 제곱미터 이상의 문화 및 집회시설, 종교시설, 판매시설, 운수시설 중 여객용 시설, 의료시설, 노유자시설, 수련시설, 운동시설, 숙박시설 중 관광숙박시설 및 관광휴게시설 제1종시설물에 해당하지 않는 철도 역시설로서 고속철도, 도시철도 및 광역철도 역시설 제1종시설물에 해당하지 않는 지하도상가로서 연면적 5천 제곱미터 이상의 지하도상가(지하보도면적 포함) 제3종시설물: 다중이용시설 등 재난이 발생할 위험이 높거나 재난을 예방하기 위하여 계속적으로 관리할 필요가 있다고 인정되는 제1종시설물 및 제2종시설물 외의 시설물(「시설물의 안전 및 유지관리에 관한 특별법 시행령」 제5조제1항 전단 및 별표 1의2 2호) 준공 후 15년이 경과된 11층 이상 16층 미만 또는 연면적 5천제곱미터 이상 3만제곱미터 미만인 건축물(동물 및 식물 관련 시설 및 자원순환 관련 시설은 제외) 준공 후 15년이 경과된 연면적 1천제곱미터 이상 5천제곱미터 미만인 문화 및 집회시설, 종교시설, 판매시설, 운수시설, 의료시설, 교육연구시설(연구소는 제외), 노유자시설, 수련시설, 운동시설, 숙박시설, 위락시설, 관광 휴게시설, 장례시설) 연면적 500제곱미터 이상 1천제곱미터 미만인 문화 및 집회시설(공연장 및 집회장만 해당), 종교시설 및 운동시설 준공 후 15년이 경과된 연면적 300제곱미터 이상 1천제곱미터 미만인 위락시설 및 관광휴게시설 준공 후 15년이 경과된 연면적 1천제곱미터 이상인 공공업무시설(외국공관은 제외) 준공 후 15년이 경과된 연면적 5천제곱미터 미만인 지하도상가(지하보도면적을 포함)"
안전점검의 종류 및 실시시기,"종    류 점검의 형태
안전점검 정기안전점검 시설물의 상태를 판단하고 시설물이 점검 당시의 사용요건을 만족시키고 있는지 확인할 수 있는 수준의 외관조사를 실시하는 안전점검(「시설물의 안전 및 유지관리에 관한 특별법 시행규칙」 제2조제1호)
정밀안전점검 시설물의 상태를 판단하고 시설물이 점검 당시의 사용요건을 만족시키고 있는지 확인하며 시설물 주요부재의 상태를 확인할 수 있는 수준의 외관조사 및 측정·시험장비를 이용한 조사를 실시하는 안전점검(「시설물의 안전 및 유지관리에 관한 특별법 시행규칙」 제2조제2호)
긴급안전점검 시설물의 붕괴·전도 등으로 인한 재난 또는 재해가 발생할 우려가 있는 경우에 시설물의 물리적·기능적 결함을 신속하게 발견하기 위하여 실시하는 점검(「시설물의 안전 및 유지관리에 관한 특별법」 제2조제7호)
정밀안전진단 시설물의 물리적·기능적 결함을 발견하고 그에 대한 신속하고 적절한 조치를 하기 위하여 구조적 안전성과 결함의 원인 등을 조사·측정·평가하여 보수·보강 등의 방법을 제시하는 행위(「시설물의 안전 및 유지관리에 관한 특별법」 제2조제6호)
안전등급의 지정
안전점검 등을 실시하는 자는 안전점검 등의 실시결과에 따라 다음 표에 해당하는 안전등급을 지정해야 합니다(「시설물의 안전 및 유지관리에 관한 특별법」 제16조제1항 및 「시설물의 안전 및 유지관리에 관한 특별법 시행령」 별표 8).
안전등급 시설물의 상태
A (우수) 문제점이 없는 최상의 상태
B (양호) 보조부재에 경미한 결함이 발생하였으나 기능 발휘에는 지장이 없으며, 내구성 증진을 위하여 일부의 보수가 필요한 상태
C (보통) 주요부재에 경미한 결함 또는 보조부재에 광범위한 결함이 발생하였으나 전체적인 시설물의 안전에는 지장이 없으며, 주요부재에 내구성, 기능성 저하 방지를 위한 보수가 필요하거나 보조부재에 간단한 보강이 필요한 상태
D (미흡) 주요부재에 결함이 발생하여 긴급한 보수·보강이 필요하며 사용제한 여부를 결정하여야 하는 상태
E (불량) 주요부재에 발생한 심각한 결함으로 인하여 시설물의 안전에 위험이 있어 즉각 사용을 금지하고 보강 또는 개축을 하여야 하는 상태
안전점검의 실시시기(「시설물의 안전 및 유지관리에 관한 특별법 시행령」 별표 3)
종류       안전등급 A 등급 B·C 등급 D·E 등급
정기안전점검 반기에 1회 이상 반기에 1회 이상 1년에 3회 이상
정밀안전점검(건축물) 4년에 1회 이상 3년에 1회 이상 2년에 1회 이상
긴급안전점검 재난 또는 재해 발생 우려 있는 경우 재난 또는 재해 발생 우려 있는 경우 재난 또는 재해 발생 우려 있는 경우
정밀안전진단 6년에 1회 이상 5년에 1회 이상 4년에 1회 이상
최초로 실시하는 건축물에 대한 정밀안전점검은 준공일 또는 사용승인일을 기준으로 4년 이내에 실시합니다(「시설물의 안전 및 유지관리에 관한 특별법 시행령」 별표 3 비고 5.).
최초로 실시하는 건축물에 대한 정밀안전진단은 준공일 또는 사용승인일 후 10년이 지난 때부터 1년 이내에 실시합니다(「시설물의 안전 및 유지관리에 관한 특별법 시행령」 별표 3 비고 6.).
위반 시 제재
다음 중 어느 하나에 해당하는 사람은 1년 이상 10년 이하의 징역에 처해집니다(「시설물의 안전 및 유지관리에 관한 특별법」 제63조제1항제1호부터 제3호까지).
안전점검, 정밀안전진단 또는 긴급안전점검을 실시하지 않거나 성실하게 실시하지 않아  시설물에 중대한 손괴를 야기하여 공공의 위험을 발생하게 한 사람
정당한 사유 없이 긴급안전점검을 실시하지 않거나 필요한 조치명령을 이행하지 않아 시설물에 중대한 손괴를 야기하여 공공의 위험을 발생하게 한 사람
안전점검등의 업무를 성실하게 수행하지 아니함으로써 시설물에 중대한 손괴를 야기하여 공공의 위험을 발생하게 한 사람
위에 해당하는 죄를 범하여 사람을 사상(死傷)에 이르게 한 사람은 무기 또는 5년 이상의 징역에 처해 집니다(「시설물의 안전 및 유지관리에 관한 특별법」 제63조제2항).
긴급안전점검을 거부·방해 또는 기피한 자는 1년 이하의 징역 또는 1천만원 이하의 벌금에 처해집니다(「시설물의 안전 및 유지관리에 관한 특별법」 제65조제2항제1호의2).
다음 중 어느 하나에 해당하는 자에게는 2천만원 이하의 과태료가 부과됩니다(「시설물의 안전 및 유지관리에 관한 특별법」 제67조제1항).
정밀안전진단을 실시하지 않은 자
긴급안전점검을 실시하지 않은 자
안전점검을 실시하지 않은 자(시장·군수·구청장이 실시해야 하는 경우 제외)에게는 1천만원 이하의 과태료가 부과됩니다(「시설물의 안전 및 유지관리에 관한 특별법」 제67조제2항제1호)."
안전점검 후 조치 등,"중대한 결함 통보
안전점검을 실시하는 자는 해당 시설물에서 다음에 해당하는 중대한 결함등을 발견한 경우 그 사실을 관계 법령에 따라 해당 시설물의 관리자로 규정된 자나 해당 시설물의 소유자(이하 “관리주체”라 함) 및 관할 특별자치시장·특별자치도지사·시장·군수 또는 구청장(구청장은 자치구의 구청장을 말하며, 이하 “시장·군수·구청장”이라 함)에게 통보해야 합니다(「시설물의 안전 및 유지관리에 관한 특별법」 제22조제1항, 「시설물의 안전 및 유지관리에 관한 특별법 시행령」 제18조제1항제1호, 제7호, 제9호부터 제11호, 「시설물의 안전 및 유지관리에 관한 특별법 시행규칙」 제19조 및 별표 3 제6호).
시설물기초의 세굴
건축물의 기둥·보 또는 내력벽의 내력(耐力) 손실
시설물의 철근콘크리트의 염해(鹽害) 또는 탄산화에 따른 내력 손실
절토·성토 사면의 균열·이완 등에 따른 옹벽의 균열 또는 파손
주요구조부재의 과다한 변형 및 균열 심화
지반침하 및 이로 인한 활동적인 균열
누수·부식 등에 의한 구조물의 기능 상실
위반 시 제재
안전점검을 실시하고 중대한 결함등이 있음을 통보하지 않은 자에게는 1천만원 이하의 과태료가 부과됩니다(「시설물의 안전 및 유지관리에 관한 특별법」 제67조제2항제4호).
긴급안전조치의 시행
관리주체는 시설물의 중대한 결함등을 통보받는 등 시설물의 구조상 공중의 안전한 이용에 미치는 영향이 중대하여 긴급한 조치가 필요하다고 인정되는 경우에는 시설물의 사용제한·사용금지·철거·주민대피 등의 안전조치를 해야 합니다(「시설물의 안전 및 유지관리에 관한 특별법」 제23조제1항).
위의 경우 시장·군수·구청장은 관리주체에게 시설물의 사용제한·사용금지·철거·주민대피 등의 안전조치를 취하도록 명령할 수 있으며, 관리주체는 신속하게 이 명령을 이행해야 합니다(「시설물의 안전 및 유지관리에 관한 특별법」 제23조제2항).
관리주체가 안전조치명령을 이행하지 않을 경우 시장·군수·구청장은 관리주체를 대신하여 안전조치를 할 수 있습니다(「시설물의 안전 및 유지관리에 관한 특별법」 제23조제4항 전단).
위반 시 제재
안전조치를 하지 않거나 안전조치명령을 이행하지 않아 시설물에 중대한 손괴를 야기하여 공공의 위험을 발생하게 한 사람은 1년 이상 10년 이하의 징역에 처해집니다(「시설물의 안전 및 유지관리에 관한 특별법」 제63조제1항제4호).
안전조치를 하지 않거나 안전조치명령을 이행하지 않은 자는 2년 이하의 징역 또는 2천만원 이하의 벌금에 처해집니다(「시설물의 안전 및 유지관리에 관한 특별법」 제65조제1항제4호).
시설물의 사용제한 등을 하는 사실을 통보하지 않은 자에게는 5백만원 이하의 과태료가 부과됩니다(「시설물의 안전 및 유지관리에 관한 특별법」 제67조제3항제8호).
시설물의 보수·보강
관리주체는 안전점검 실시자로부터 시설물에 중대한 결함등이 있음을 통보받거나 시장·군수·구청장으로부터 긴급안전조치명령을 받은 경우에는 시설물의 보수·보강 등 필요한 조치를 해야 합니다(「시설물의 안전 및 유지관리에 관한 특별법」 제24조제1항).
시설물의 보수·보강 등 필요한 조치를 완료한 관리주체는 그 조치를 완료한 날부터 30일 이내에 그 내용을 시설물통합정보관리체계에 입력해야 합니다(「시설물의 안전 및 유지관리에 관한 특별법 시행규칙」 제20조제1항).
※ 시설물통합정보관리체계에 대해서는 < 한국시설안전공단 – 시설물정보관리종합시스템 > 에서 확인할 수 있습니다.
위반 시 제재
보수·보강 등 필요한 조치를 하지 않거나 필요한 조치의 이행 및 시정 명령을 이행하지 않아 시설물에 중대한 손괴를 야기하여 공공의 위험을 발생하게 한 사람은 1년 이상 10년 이하의 징역에 처해집니다(「시설물의 안전 및 유지관리에 관한 특별법」 제63조제1항제5호).
보수·보강 등 필요한 조치를 하지 않거나 필요한 조치의 이행 및 시정 명령을 이행하지 않은 자는 2년 이하의 징역 또는 2천만원 이하의 벌금에 처해집니다(「시설물의 안전 및 유지관리에 관한 특별법」 제65조제1항제5호).
시설물의 보수·보강 등의 조치결과를 통보하지 않은 자에게는 5백만원 이하의 과태료가 부과됩니다(「시설물의 안전 및 유지관리에 관한 특별법」 제67조제3항제9호).
위험표지의 설치
관리주체는 안전점검을 실시한 결과 해당 시설물에 중대한 결함등이 있거나, 지정된 안전등급에 따라 해당 시설물의 긴급한 보수·보강이 필요하다고 판단되는 경우에는 해당 시설물에 위험을 알리는 표지를 설치하고, 방송·인터넷 등의 매체를 통하여 주민에게 알려야 합니다(「시설물의 안전 및 유지관리에 관한 특별법」 제25조제1항).
위험표지의 예시(「시설물의 안전 및 유지관리에 관한 특별법 시행규칙」 제21조제1항 및 별표4)
위반 시 제재
누구든지 관리주체의 허락 없이 위험표지를 이전하거나 훼손해서는 안 됩니다(「시설물의 안전 및 유지관리에 관한 특별법」 제25조제3항).
다음 중 어느 하나에 해당하는 자에게는 1천만원 이하의 과태료가 부과됩니다(「시설물의 안전 및 유지관리에 관한 특별법」 제67조제2항제5호 및 제6호).
위험표지를 설치하지 않거나 긴급한 보수·보강 등이 필요한 사실을 주민에게 알리지 않은 자
위험표지를 이전하거나 훼손한 자"
전기설비의 종류,"전기설비란?
“전기설비”란 발전·송전·변전·배전·전기공급 또는 전기사용을 위하여 설치하는 기계·기구·댐·수로·저수지·전선로·보안통신선로 및 그 밖의 설비를 말합니다(「전기사업법」 제2조제16호).
다만, 다음에 해당하는 것은 전기설비에서 제외됩니다(「전기사업법」 제2조제16호 및 「전기사업법 시행령」 제2조제2항).
댐·저수지와 선박·차량 또는 항공기에 설치되는 것
전압 30볼트 미만의 전기설비로서 전압 30볼트 이상의 전기설비와 전기적으로 접속되어 있지 않은 것
전기통신설비(전기를 공급하기 위한 수전설비 제외)
전기설비의 종류
전기설비는 다음과 같이 그 종류가 구분됩니다(「전기사업법」 제2조제16호).
전기사업용 전기설비는 전기설비 중 전기사업자가 전기사업에 사용하는 전기설비를 말합니다(「전기사업법」 제2조제17호).
일반용 전기설비는 다음에 해당하는 소규모의 전기설비로서 한정된 구역에서 전기를 사용하기 위하여 설치하는 전기설비를 말합니다(「전기사업법」 제2조제18호).
√ 전압 600볼트 이하로서 용량 75킬로와트(제조업 또는 심야전력을 이용하는 전기설비는 용량 100킬로와트) 미만의 전력을 타인으로부터 수전하여 그 수전장소(담·울타리 또는 그 밖의 시설물로 타인의 출입을 제한하는 구역 포함)에서 그 전기를 사용하기 위한 전기설비
√ 전압 600볼트 이하로서 용량 10킬로와트 이하인 발전설비
자가용 전기설비는 전기사업용 전기설비 및 일반용 전기설비 외의 전기설비를 말합니다(「전기사업법」 제2조제19호)."
전기설비의 검사시기,"일반용 전기설비의 사용 전 점검
일반용 전기설비의 소유자 또는 점유자는 전기설비의 설치공사 또는 변경공사가 완료된 후 전기를 공급받기 전에 한국전기안전공사(이하 “안전공사”라 함)로부터 전기설비에 대하여 사용 전 점검을 받아야 합니다(「전기사업법 시행규칙」 제35조제1항).
일반용 전기설비의 정기점검 시기
일반용 전기설비는 사용 전 점검 또는 정기점검을 받은 후 다음 중 어느 하나에 해당하게 된 날이 속하는 달의 전후 2개월 이내에 안전공사로부터 정기점검을 받아야 합니다(「전기사업법 시행규칙」 제35조의2제1항 본문).
다음에 해당하는 시설에 설치된 전기설비는 1년이 되는 날
√ 화약류 제조 사업장, 갑종탄광, 도시가스사업장, 액화석유가스의 저장·충전·판매사업장, 고압가스의 제조소·저장소, 위험물의 제조소 또는 취급소와 같은 위험시설(다만, 용량 20킬로와트 미만의 전기설비가 설치된 시설만 해당)[「전기사업법 시행규칙」 제3조제2항제2호]
√ 공연장, 영화상영관, 유흥주점·단란주점, 체력단련장, 대규모점포 및 상점가, 의료기관, 호텔 및 집회장(다만, 용량 20킬로와트 미만의 전기설비가 설치된 시설만 해당)[「전기사업법 시행규칙」 제3조제2항제3호]
√ 숙박업 및 목욕장업 시설
√ 비디오물시청제공업 시설, 게임제공업 시설, 인터넷컴퓨터게임시설제공업 시설 및 노래연습장업 시설
√ 청소년수련시설 및 야영장업 시설
√ 사회복지시설
√ 유치원
√ 문화재시설
√ 도로부속물 중 가로등시설
√ 신호등시설
√ 통계청장이 고시하는 산업에 관한 표준분류에 따른 광업, 제조업, 전기·가스 및 수도사업, 하수·폐기물 처리 및 청소 관련 서비스업을 하기 위한 설비
√ 산후조리원 시설
√ 휴게음식점 또는 일반음식점 시설
√ 고시원업, 전화방업, 화상대화방업, 수면방업, 콜라텍업(「전기사업법 시행령」 제42조의3제4항제8호)
학교에 설치된 전기설비는 2년이 되는 날
그 밖의 시설에 설치된 전기설비는 3년이 되는 날
다만, 일반용 전기설비의 사용 전 점검 후 최초의 정기점검은 해당 전기설비가 설치된 장소와 같은 읍·면·동에 설치된 다른 일반용 전기설비의 정기점검과 같은 시기에 실시할 수 있습니다(「전기사업법 시행규칙」 제35조의2제1항 단서).
위반 시 제재
일반용 전기설비의 소유자 또는 점유자가 정기검사(주거용 시설물에 설치된 일반용 전기설에 대한 점검 제외)를 거부·방해 또는 기피한 경우에는 100만원 이하의 과태료가 부과됩니다(「전기사업법」 제108조제2항제5호).
자가용 전기설비의 정기검사 시기
자가용 전기설비의 소유자 또는 점유자는 다음에 해당하는 자가용 전기설비에 대하여 정기검사를 받은 후 해당 시기에 맞추어 안전공사로부터 정기검사를 받아야 합니다(「전기사업법 시행규칙」 제32조제1항 본문 및 별표 10 제2호).
증기터빈 및 내연기관 계통(발전기 계통 포함): 4년 이내
가스터빈(발전기 계통 포함), 보일러, 열교환기(보일러 및 열교환기 중 검사를 받는 것 제외): 2년 이내
수차·발전기 계통: 4년 이내
풍차·발전기 계통: 4년 이내
태양광·전기설비 계통: 4년 이내
연료전지·전기설비 계통: 4년 이내
전기저장장치·전기설비 계통
√ 여러 사람이 이용할 수 있는 건물 안에 설치된 설비 또는 이차전지 용량이 1,000킬로와트h 이상인 설비: 1년 이내
√ 이외의 설비: 2년 이내
의료기관, 공연장, 호텔, 대규모 점포, 예식장, 지정 문화재, 단란주점, 유흥주점, 목욕장, 노래연습장에 설치한 고압 이상의 수전설비 및 75킬로와트 이상의 비상용 예비발전설비: 2년마다. 2년이 되는 날이 속하는 달의 2개월 전후
전기안전관리자의 선임이 면제된 제조업자 또는 제조업 관련 서비스업자의 수용설비: 2년마다. 2년이 되는 날이 속하는 달의 2개월 전후
그 밖의 수용가에 설치한 고압 이상의 수전설비 및 75킬로와트 이상의 비상용 예비발전설비: 3년마다. 3년이 되는 날이 속하는 달의 2개월 전후
공정안전보고서 또는 안전성향상계획서를 제출하거나 갖춰 둔 자의 고압 이상의 수전설비 및 용량 75킬로와트 이상의 비상용 발전설비: 4년 이내
위반 시 제재
자가용 전기설비의 소유자 또는 점유자가 정기검사를 거부·방해 또는 기피한 경우에는 100만원 이하의 벌금에 처해집니다(「전기사업법」 제106조제3호).
재점검의 실시
일반용 전기설비의 소유자 또는 점유자는 정기점검 결과 부적합한 시설이라는 통보를 받은 경우에는 안전공사가 그 사실을 통지한 날부터 2개월 이내에 재점검을 받아야 합니다(「전기사업법 시행규칙」 제35조의2제2항).
자가용 전기설비의 소유자 또는 점유자는 정기검사 결과 불합격 통보를 받은 경우에는 적합하지 않은 부분에 대하여 검사완료일부터 3개월 이내에 재검사를 받아야 합니다(「전기사업법 시행규칙」 제32조제4항)."
전기안전관리자의 선임,"전기안전관리자 선임의무
자가용 전기설비의 소유자 또는 점유자는 전기설비의 유지 및 운용에 관한 안전관리업무를 수행하게 하기 위하여 「국가기술자격법」에 따른 전기·기계·토목 분야의 기술자격을 취득한 사람 중에서 각 분야별로 전기안전관리자를 선임해야 합니다(「전기사업법」 제73조제1항).
※ 일반용 전기설비에 대해서는 산업통상자원부장관이 한국전기안전공사(이하 “안전공사”라 함) 또는 전기판매사업자에게 정기적으로 점검을 하도록 의무화 하고 있습니다. 따라서 전기안전관리자 선임의무는 자가용 전기설비의 소유자 또는 점유자에게만 적용됩니다.
선임의무 위반 시 제재
전기안전관리자를 선임하지 않은 자는 500만원 이하의 벌금에 처해 집니다(「전기사업법」 제104조).
선임의무의 예외
다음 중 어느 하나에 해당하는 전기설비는 전기안전관리자를 선임하지 않아도 됩니다(「전기사업법 시행규칙」 제40조제1항).
전압이 600볼트 이하인 전기수용설비(일반용 전기설비만 해당)로서 제조업 및 제조업 관련 서비스업에 설치하는 전기수용설비
심야전력을 이용하는 전기설비로서 전압이 600볼트 이하인 전기수용설비
전기설비의 소유자 또는 점유자가 전기사업자에게 전기설비의 휴지(休止)를 통보한 전기설비
휴지 중인 심야전력 전기설비(전기공급계약에 따라 사용을 중지한 경우만 해당)
휴지 중인 농사용 전기설비(전기를 공급받는 지점에서부터 사용설비까지의 모든 전기설비를 사용하지 않는 경우만 해당)
설비용량 20킬로와트 이하의 발전설비
전기안전관리업체에의 위탁
자가용 전기설비의 소유자 또는 점유자는 전기설비의 안전관리에 관한 업무를 다음에 해당하는 관리업체에 위탁할 수 있습니다(「전기사업법」 제73조제2항 전단).
전기안전관리업무를 전문으로 하는 자로서 자본금(2억원 이상), 보유해야 할 기술인력 등의 요건(「전기사업법 시행령」 별표 1의7)을 모두 갖춘 자
시설물관리를 전문으로 하는 자로서 전기·기계·토목 분야의 분야별 기술자격을 취득한 사람을 보유하고 있는 자
전기안전관리를 위탁받은 업체는 전기·기계·토목 분야별 전기안전관리자를 선임해야 합니다(「전기사업법」 제73조제2항 후단).
안전관리업무의 대행
안전관리자 선임의무에도 불구하고 일정 규모 이하의 전기설비의 소유자 또는 점유자는 다음에 해당하는 자에게 안전관리업무를 대행하게 할 수 있습니다(「전기사업법」 제73조제3항).
전기안전관리대행업자 해당 전기설비의 규모
안전공사및 일정요건(「전기사업법시행령」 별표 2)을 갖춘 전기안전관리대행사업자 다음 중 어느 하나에 해당하는 전기설비(둘 이상의 전기설비 용량의 합계가 2천500킬로와트 미만인 경우만 해당) 1. 용량 1천킬로와트 미만의 전기수용설비 2. 용량 300킬로와트 미만의 발전설비(비상용 예비발전설비는 용량 500킬로와트 미만) 3. 태양에너지를 이용하는 발전설비(이하""태양광발전설비""라 함)로서 용량 1천킬로와트 미만인 것
전기 분야의 기술자격을 취득한 사람으로서 일정 장비(「전기사업법시행령」 별표 3)를 보유하고 있는 개인대행자 다음 중 어느 하나에 해당하는 전기설비(둘 이상의 전기설비 용량의 합계가 1천50킬로와트 미만인 경우만 해당) 1. 용량 500킬로와트 미만의 전기수용설비 2. 용량 150킬로와트 미만의 발전설비(비상용 예비발전설비는 용량 300킬로와트 미만) 3. 용량 250킬로와트 미만의 태양광발전설비
업무범위
전기안전관리자는 건물의 전기안전관리를 위하여 다음에 해당하는 업무를 수행해야 합니다(「전기사업법 시행규칙」 제44조제2항).
전기설비의 유지 및 운용에 관한 업무 및 이에 종사하는 사람에 대한 안전교육
전기설비의 안전관리를 위한 확인·점검 및 이에 대한 업무의 감독
전기설비의 운전·조작 또는 이에 대한 업무의 감독
전기설비의 안전관리에 관한 기록의 작성·보존 및 비치
공사계획의 인가신청 또는 신고에 필요한 서류의 검토
전기설비의 일상정검·정기점검·정밀점검의 절차, 방법 및 기준에 대한 안전관리규정의 작성
전기재해의 발생을 예방하거나 그 피해를 줄이기 위하여 필요한 응급조치
선임 및 해임신고
전기안전관리자를 선임 또는 해임한 소유자 또는 점유자는 지체없이 그 사실을 산업통상자원부장관이 정하여 고시하는 전력기술인단체(이하 “전력기술인단체”라 함)에 신고해야 합니다(「전기사업법」 제73조의2제1항 전단).
전기안전관리자의 해임신고를 한 소유자 또는 점유자는 해임한 날부터 30일 이내에 다른 전기안전관리자를 선임해야 합니다(「전기사업법」 제73조의2제3항).
변경신고
전기안전관리자를 변경한 소유자 또는 점유자도 지체없이 그 사실을 전력기술인단체에 신고해야 합니다(「전기사업법」 제73조의2제1항 후단)."
승강기 검사의 종류 및 시기,"승강기란?
“승강기”란 건축물이나 고정된 시설물에 설치되어 일정한 경로에 따라 사람이나 화물을 승강장으로 옮기는 데에 사용되는 시설로서 엘리베이터, 에스컬레이터, 휠체어리프트 등을 말합니다(「승강기 안전관리법」 제2조제1호 및 「승강기 안전관리법 시행령」 제3조제1항).
자세한 승강기의 종류는 「승강기 안전관리법 시행규칙」 별표 1에서 정하고 있습니다(「승강기 안전관리법 시행규칙」 제2조).
승강기 검사의 실시
승강기의 소유자 또는 승강기 관리자로서 승강기를 관리할 책임과 권한이 있는 자 등(이하 “승강기 관리주체”라 한다)은 해당 승강기에 대하여 다음의 검사를 받아야 합니다(「승강기 안전관리법」 제2조제7호, 제28조제1항, 제32조제1항 및 「승강기시설 안전관리법 시행규칙」 제54조제1항).
검사종류 검사의 의미 검사주기
설치검사 승강기 설치를 끝낸 후 실시하는 검사 승강기 설치 후(교체설치 제외) 실시
정기검사 설치검사 후 정기적으로 실시하는 검사 1년마다 실시(설치검사 또는 직전 정기검사를 받은 날부터 매 1년을 말함. 승강기별로 검사주기를 다르게 할 수 있음)
수시검사 다음 중 어느 하나에 해당하는 경우에 실시하는 검사1. 승강기의 종류, 제어방식, 정격속도, 정격용량 또는 왕복운행거리를 변경한 경우2. 승강기의 제어반(制御盤) 또는 구동기(驅動機)를 교체한 경우3. 승강기에 사고가 발생하여 수리한 경우(승강기의 결함으로 중대한 사고 또는 고장이 발생한 경우 제외)4. 승강기 관리주체가 요청하는 경우 수시검사의 필요성이 발생한 때마다 실시
정밀안전검사 다음 중 어느 하나에 해당하는 경우에 실시하는 검사1. 정기검사 또는 수시검사 결과 결함원인이 불명확하여 사고예방과 안전성 확보를 위하여 정밀안전검사가 필요하다고 인정된 경우2. 승강기의 결함으로 인하여 중대한 사고 또는 고장이 발생한 경우3. 설치검사를 받은 날부터 15년이 지난 경우 4. 그  밖에 승강기의 성능의 저하로 승강기 이용자의 안전을 침해할 우려가 있는 경우  1, 2, 4 : 발생한 시점에 실시
3 : 3년 마다 정기적으로 실시
승강기 관리주체가 정밀안전검사를 받았거나 정밀안전검사를 받아야 하는 경우에는 해당 연도의 정기검사가 면제될 수 있습니다(「승강기 안전관리법」 제33조제2호).
승강기 검사에서 불합격한 경우
승강기 관리주체는 검사를 받지 않거나 검사에 불합격한 승강기를 운행할 수 없으며, 이를 운행하려면 해당 검사에 합격해야 합니다(「승강기 안전관리법」 제32조제2항 전단).
검사기관 또는 공단의 장은 검사 또는 정밀안전검사에 불합격한 승강기를 시·도지사에게 통보해야 합니다(「승강기 안전관리법」 제50조제1항 및 「승강기 안전관리법시행규칙」 제70조제3호).
승강기 관리주체는 검사에 불합격한 승강기에 대해서 재검사를 받으려는 경우에는 검사에 불합격한 날부터 4개월 이내에 안전검사를 다시 받아야 합니다(「승강기 안전관리법」 제32조제2항 후단 및 「승강기 안전관리법 시행규칙」 제56조제4항).
벌칙
설치검사에 불합격한 승강기 또는 정밀안전검사에 불합격한 승강기를 운행한 자는 3년 이하의 징역 또는 3천만원 이하의 벌금에 처해 집니다(「승강기 안전관리법」 제80조제1항제17호 및 제18호).
설치검사 또는 정밀안전검사를 받지 않고 승강기를 운행한 자는 1년 이하의 징역 또는 1천만원 이하의 벌금에 처해 집니다(「승강기 안전관리법」 제80조제2항제5호 및 제7호)."
승강기 안전관리자의 선임 및 사고보고 의무,"승강기 안전관리자의 선임의무
승강기의 소유자 또는 승강기 관리자로서 승강기를 관리할 책임과 권한이 있는 자 등(이하 “승강기 관리주체”라 한다)은 승강기 운행에 대한 지식이 풍부한 자를 안전관리자로 선임하여 해당 승강기를 관리하도록 해야 합니다. 다만, 승강기 관리주체가 직접 승강기를 관리하는 경우에는 선임하지 않아도 됩니다(「승강기 안전관리법」 제29조제1항).
안전관리자의 선임통보
승강기 관리주체는 승강기 안전관리자를 선임하거나 직접 승강기를 관리하는 경우에는 3개월 이내에 한국승강기안전공단(이하 “공단”이라 함)의 장에게 그 사실을 통보해야 합니다(「승강기 안전관리법」 제29조제3항 전단 및 「승강기 안전관리법 시행령」 제64조제1항제6호).
승강기의 안전관리자나 승강기 관리주체가 변경된 경우에도 3개월 이내에 공단의 장에게 그 사실을 통보해야 합니다(「승강기 안전관리법」 제29조제3항 후단 및 「승강기 안전관리법 시행령」 제64조제1항제6호).
안전관리자의 승강기관리교육 수강 의무
승강기 관리주체는 승강기의 안전관리자로 하여금 선임 후 3개월 이내에 공단이 실시하는 승강기의 관리에 관한 교육(이하 “승강기관리교육”이라 한다)을 받도록 해야 합니다. 다만, 승강기 관리주체가 직접 승강기를 관리하는 경우에는 관리주체가 승강기관리교육을 받아야 합니다(「승강기 안전관리법」 제29조제5항 및 「승강기 안전관리법 시행규칙」 제51조).
한국승강기안전공단 승강기교육센터(http://edu.koelsa.or.kr, ☎ 1566-1277)에서는 온라인 승강기관리교육을 운영하고 있으며, 수강신청 방법 등 자세한 사항은 해당 사이트에서 확인하시기 바랍니다(「승강기 안전관리법 시행규칙」 제52조).
위반 시 제재
승강기 안전관리자 선임 및 변경 통보 등을 하지 않은 자는 100만원 이하의 과태료를 부과 받게 됩니다(「승강기 안전관리법」 제82조제4항제1호).
승강기관리교육을 받지 않거나 받게 하지 않은 자는 300만원 이하의 과태료를 부과 받게 됩니다(「승강기 안전관리법」 제82조제3항제1호).
업무범위
승강기 안전관리자는 해당 승강기의 관리를 위하여 다음에 해당하는 업무를 수행해야 합니다(「승강기 안전관리법 시행규칙」 제48조).
승강기 운행 및 관리에 관한 규정 작성
승강기의 사고 또는 고장 발생에 대비한 비상연락망의 작성 및 관리
유지관리업자로 하여금 자체점검을 대행하게 한 경우 유지관리업자에 대한 관리·감독
승강기의 중대한 사고 또는 중대한 고장의 통보
승강기 내에 갇힌 이용자의 신속한 구출을 위한 승강기 조작
피난용 엘리베이터의 운행
그 밖에 승강기 관리에 필요한 사항으로서 행정안전부장관이 정하여 고시하는 업무
관리주체의 자체점검의무
승강기 관리주체는 승강기 운행의 안전에 관한 점검(이하 “자체점검”이라 함)을 월 1회 이상 실시하고, 그 점검기록을 승강기안전종합정보망에 입력해야 합니다(「승강기 안전관리법」 제31조제1항).
승강기 관리주체는 자체점검의 결과 해당 승강기에 결함이 있다는 사실을 알았을 경우에는 즉시 보수해야 하며, 보수가 끝날 때까지는 운행을 중지해야 합니다(「승강기 안전관리법」 제31조제2항).
※ 승강기안전종합정보망은 < 국가승강기정보센터 > 이므로 승강기 점검기록은 이 사이트에서 입력하면 됩니다.
자체점검의 대행
승강기 관리주체는 자체점검을 스스로 할 수 없다고 판단하는 경우에는 유지관리업자로 등록한 자에게 대행하도록 할 수 있습니다(「승강기 안전관리법」 제31조제4항).
위반 시 제재
승강기에 결함이 있다는 사실을 알고도 보수를 하지 아니하고 승강기를 운행하여 중대한 사고를 발생하게 한 자는 1년 이하의 징역 또는 1천만원 이하의 벌금에 처해 집니다(「승강기 안전관리법」 제80조제2항제6호).
승강기 자체점검을 담당할 자격을 갖추지 않은 사람으로 하여금 자체점검 업무를 수행하게 한 자에게는 1천만원 이하의 과태료가 부과됩니다(「승강기 안전관리법」 제82조제1항제5호).
다음 중 어느 하나에 해당하는 자는 500만원 이하의 과태료를 부과받게 됩니다(「승강기 안전관리법」 제82조제2항제13호부터 제15호까지).
승강기의 자체점검을 하지 않은 자
자체점검 결과를 승강기안전종합정보망에 입력하지 아니하거나 거짓으로 입력한 자
승강기 운행을 중지하지 않은 자 또는 운행의 중지를 방해한 자
보고의무
승강기 관리주체는 그가 관리하는 승강기에서 이용자가 죽거나 다치는 등의 중대한 사고가 발생하거나 출입문이 열린 상태에서 승강기가 운행되는 경우 등의 중대한 고장이 발생한 경우에는 공단의 장에게 통보해야 합니다(「승강기 안전관리법」 제48조제1항).
통보를 받은 공단의 장은 중대한 사고에 관한 내용을 행정안전부장관, 시·도지사 및 승강기사고조사위원회에 보고합니다(「승강기 안전관리법」 제48조제3항).
누구든지 중대한 사고가 발생한 경우에는 인명구조 등 긴급한 사유가 있는 경우를 제외하고는 사고현장 또는 중대한 사고와 관련되는 물건을 이동시키거나 변경 또는 훼손해서는 안 됩니다(「승강기 안전관리법」 제48조제2항).
위반 시 제재
다음 중 어느 하나에 해당하는 자는 500만원 이하의 과태료를 부과받게 됩니다(「승강기 안전관리법」 제82조제2항제19호 및 제20호).
중대한 사고에 관하여 통보를 하지 않거나 거짓으로 통보한 자
중대한 사고의 현장 또는 중대한 사고와 관련되는 물건을 이동시키거나 변경 또는 훼손한 자"
가스안전관리자의 선임의무,"선임의무
다음 중 어느 하나에 해당하는 특정가스 사용시설의 사용자는 가스공급시설이나 특정가스 사용시설의 안전 유지 및 운용에 관한 직무를 수행하게 하기 위하여 사업 개시 또는 사용 전에 안전관리자를 선임해야 합니다(「도시가스사업법」 제29조제1항 전단).
건축물의 소유자
시설관리업무를 위탁받은 자(특정가스 사용시설의 관리업무를 위탁받은 경우)
건축물의 임차인 또는 점유자(시장·군수·구청장이 주소 또는 거소의 불명, 그 밖의 사유로 부득이하게 특정가스 사용시설의 사용자가 안전관리자를 선임하기 어렵다고 인정하는 경우)
「산업안전보건법」에 따라 선임된 안전관리자는 가스안전관리자로 봅니다(「도시가스사업법」 제29조제1항 후단).
※ 특정가스 사용시설의 범위 특정가스 사용시설이란 다음 중 어느 하나에 해당하는 가스사용시설을 말합니다(「도시가스사업법 시행규칙」 제20조의2제1항제1호 및 제2호). 월 사용예정량이 2천 세제곱미터(제1종 보호시설 안에 있는 경우에는 1천 세제곱미터) 이상인 가스사용시설(전기설비 중 도시가스를 사용하여 전기를 발생시키는 발전설비 안의 가스사용시설과 특정열사용기자재 중 검사대상기기에 해당하는 가스사용시설 제외) 월 사용예정량이 2천 세제곱미터(제1종 보호시설 안에 있는 경우에는 1천 세제곱미터) 미만인 가스사용시설로서 다음 중 어느 하나에 해당하는 시설√ 내관 및 그 부속시설이 바닥·벽 등에 매립 또는 매몰 설치되는 가스사용시설√ 많은 사람이 이용하는 시설로서 시·도지사가 안전관리를 위해 필요하다고 인정하여 지정하는 가스사용시설
선임신고 등
특정가스 사용시설의 사용자는 다음 중 어느 하나에 해당하는 경우 지체 없이 산업통상자원부장관, 시·도지사 또는 시장·군수구청장에게 신고해야 합니다(「도시가스사업법」 제29조제2항 본문).
안전관리자를 선임하거나 해임한 경우
안전관리자가 퇴직한 경우
특정가스 사용시설의 사용자는 안전관리자가 해임되거나 퇴직한 날부터 30일 이내에 다른 안전관리자를 선임해야 합니다(「도시가스사업법」 제29조제2항 본문).
다만, 그 기간 내에 선임할 수 없는 경우에는 산업통상자원부장관, 시·도지사 또는 시장·군수·구청장의 승인을 받아 그 기간을 연장할 수 있습니다(「도시가스사업법」 제29조제2항 단서).
위반 시 제재
특정가스 사용시설의 사용자가 다음 중 어느 하나에 해당하는 경우에는 1천만원 이하의 벌금에 처해집니다(「도시가스사업법」 제53조제5호 및 제6호).
안전관리자를 선임하지 않은 경우
안전관리자의 선임·해임·퇴직으로 인한 신고를 하지 않은 경우"
보일러 검사대상 및 종류,"보일러 검사의무 대상자
다음 중 어느 하나에 해당하는 자(이하 “보일러 설치자”라 함)는 한국에너지공단의 검사를 받아야 합니다(「에너지이용 합리화법」 제39조제2항·제4항, 「에너지이용 합리화법 시행규칙」 제31조의17제1항 및 제31조의19제1항).
보일러를 설치하거나 개조해서 사용하려는 자
보일러의 설치장소를 변경해서 사용하려는 자
보일러를 사용중지한 후 재사용하려는 자
검사 유효기간(보일러 검사 합격 후의 일정기간)이 끝난 보일러를 계속 사용하려는 자
검사의 종류 및 대상
보일러 설치자가 받아야 하는 보일러 검사의 종류 및 적용대상은 다음과 같습니다(「에너지이용 합리화법」 제39조제2항, 「에너지이용 합리화법 시행규칙」 제31조의7 및 별표 3의4).
검사종류 적용대상
설치검사 신설한 경우에 실시하는 검사(사용연료의 변경으로 검사대상이 아닌 보일러가 검사대상으로 되는 경우의 검사 포함)
개조검사 다음 중 어느 하나에 해당하는 경우에 실시하는 검사  1. 증기보일러를 온수보일러로 개조하는 경우 2. 보일러 섹션의 증감으로 용량을 변경하는 경우 3. 동체·돔·노통·연소실·경판·천정판·관판·관모음 또는 스테이를 변경하는 경우로 「열사용기자재의 검사 및 검사면제에 관한 기준」(산업통상자원부 고시 제2019-16호, 2019. 1. 14. 발령·시행)에서 정하는 대수리인 경우 4. 연료 또는 연소방법을 변경하는 경우 5. 철금속 가열로로서 「열사용기자재의 검사 및 검사면제에 관한 기준」에서 정하는 수리에 해당하는 경우
설치장소 변경검사 설치장소를 변경한 경우에 실시하는 검사(다만, 이동식 보일러 제외)
재사용검사 사용중지 후 재사용하려는 경우에 실시하는 검사
계속사용을 위한 안전검사 설치검사·개조검사·설치장소 변경검사 또는 재사용검사 후 안전부문에 대한 유효기간을 연장하려는 경우에 실시하는 검사
계속사용을 위한 운전성능검사 다음 중 어느 하나에 해당하는 기기에 대한 검사로서 설치검사 후 운전성능부문에 대한 유효기간을 연장하려는 경우에 실시하는 검사 1. 용량이 1t/h(난방용의 경우에는 5t/h)이상인 강철제 보일러 및 주철제 보일러2. 철금속가열로
벌칙
보일러의 검사를 받지 않은 자는 1년 이하의 징역 또는 1천만원 이하의 벌금에 처해집니다(「에너지이용 합리화법」 제73조제1호)."
보일러 조종자의 선임 및 사고 통보의무,"선임의무
보일러 설치자는 보일러의 안전관리, 위해방지 및 에너지이용의 효율을 관리하기 위하여 보일러 관리자를 선임해야 합니다(「에너지이용 합리화법」 제40조제1항).
선임기준
보일러 설치자는 1구역마다 1명 이상 보일러 관리자를 선임해야 합니다(「에너지이용 합리화법 시행규칙」 제31조의27제1항).
1구역은 보일러 관리자가 한 시야로 볼 수 있는 범위 또는 중앙통제·관리설비를 갖추어 보일러 관리자 1명이 통제·조종할 수 있는 범위를 말합니다(「에너지이용 합리화법 시행규칙」 제31조의27제2항 본문).
위반 시 제재
보일러 관리자를 선임하지 않은 보일러 설치자는 1천만원 이하의 벌금에 처해집니다(「에너지이용 합리화법」 제75조).
선임신고
보일러 설치자는 다음 중 어느 하나에 해당하는 경우에는 신고 사유가 발생한 날부터 30일 이내에 이를 한국에너지공단에 신고해야 합니다(「에너지이용 합리화법」 제40조제3항 및 「에너지이용 합리화법 시행규칙」 제31조의28제1항 본문).
보일러 관리자를 선임하거나 해임한 경우
보일러 관리자가 퇴직한 경우
보일러 관리자의 재선임
보일러 설치자는 보일러 관리자를 해임하거나 보일러 관리자가 퇴직하는 경우에는 해임이나 퇴직 이전에 다른 보일러 관리자를 선임해야 합니다(「에너지이용 합리화법」 제40조제4항 본문).
다만, 다음 중 어느 하나에 해당하는 사유가 있는 경우에는 특별시장·광역시장·도지사 또는 특별자치도지사(이하 “시도지사”라 한다)의 승인을 받아 다른 보일러 관리자의 선임을 연기할 수 있습니다(「에너지이용 합리화법」 제40조제4항 단서 및 「에너지이용 합리화법 시행규칙」 제31조의28제3항).
보일러 관리자가 천재지변 등 불의의 사고로 업무를 수행할 수 없게 되어 해임 또는 퇴직한 경우
보일러 관리자가 선임을 위하여 필요한 조치를 하였으나 선임하지 못한 경우
위반 시 제재
보일러 관리자의 선임, 해임 또는 퇴직에 관한 신고를 하지 않거나 거짓으로 신고한 보일러 설치자(국가 또는 지방자치단체 제외)에게는 300만원 이하의 과태료가 부과됩니다(「에너지이용 합리화법」 제78조제4항제9호의4).
통보의무
보일러 설치자는 다음 중 어느 하나에 해당하는 사고가 발생한 경우에는 지체 없이 사고의 일시·내용 등을 한국에너지공단에 통보해야 합니다(「에너지이용 합리화법」 제40조의2제1항 전단).
사람이 사망한 사고
사람이 부상당한 사고
화재 또는 폭발 사고
그 밖에 보일러가 파손된 사고
사고통보를 받은 한국에너지공단은 이를 산업통상자원부장관 또는 시·도지사에게 보고하여야 하고, 사고의 재발방지를 위해 필요하다고 인정되는 경우에는 사고의 원인과 경위를 조사할 수 있습니다(「에너지이용 합리화법」 제40조의2제1항 후단 및 제2항).
위반 시 제재
보일러 사고 발생 시 한국에너지공단에 사고의 일시·내용 등을 통보하지 않거나 거짓으로 통보한 보일러 설치자에게는 2천만원 이하의 과태료가 부과됩니다(「에너지이용 합리화법」 제78조제1항제3호)."
내진설계 확인 및 보강지원,"내진설계 대상 건물
특별시장·광역시장·특별자치시장·도지사·특별자치도지사 및 시장·군수·구청장(이하 “시·도지사 등”이라 한다)는 다음 중 어느 하나에 해당하는 건물에 대해서는 허가 등을 하는 경우에 내진설계 여부를 확인해야 합니다(「지진·화산재해대책법」 제14조제1항·제3항, 「지진·화산재해대책법 시행령」제10조제1항제1호 및 「건축법 시행령」 제32조제2항).
층수가 2층[주요구조부인 기둥과 보를 설치하는 건축물로서 그 기둥과 보가 목재인 목구조 건축물(이하 “목구조 건축물”이라 함)의 경우에는 3층] 이상인 건축물
연면적이 200제곱미터(목구조 건축물의 경우에는 500제곱미터) 이상인 건축물(다만, 창고, 축사, 작물 재배사 제외)
높이가 13미터 이상인 건축물
처마높이가 9미터 이상인 건축물
기둥과 기둥 사이의 거리가 10미터 이상인 건축물
건축물의 용도 및 규모를 고려한 중요도가 높은 건축물로서 중요도 특 또는 중요도 1에 해당하는 건축물(「건축물의 구조기준 등에 관한 규칙」 제56조제2항 및 별표 11)
국가적 문화유산으로 보존할 가치가 있는 건축물로서 박물관·기념관 그 밖에 이와 유사한 연면적의 합계가 5천제곱미터 이상인 건축물(「건축물의 구조기준 등에 관한 규칙」 제56조제3항)
한쪽 끝은 고정되고 다른 끝은 지지(支持)되지 않은 구조로 된 보·차양 등이 외벽의 중심선으로부터 3미터 이상 돌출된 건축물(「건축법 시행령」 제2조제18호가목)
특수한 설계·시공·공법 등이 필요한 건축물로서 [「특수구조 건축물 대상기준」(국토교통부고시 제2018-777호, 2018. 12. 7. 발령·시행) 제2조]에서 정하는 구조로 된 건축물
「건축법 시행령」 별표 1의 단독주택 및 공동주택
내진보강지원 방법
시·도지사 등은 내진설계가 되어 있지 않은 민간 소유의 건축물에 대한 내진보강을 권장하기 위해 조세 감면이나 지진재해 관련 보험료율을 차등 적용해 줄 수 있습니다(「지진·화산재해대책법」 제16조의2제1항).
내진보강지원 신청방법
내진보강 지원을 받으려는 자는 내진보강 지원 신청서에 다음 중 어느 하나에 해당하는 자가 작성한 건축물 내진성능 확인서를 첨부하여 시·도지사 등에게 제출해야 합니다(「지진·화산재해대책법 시행규칙」 제3조의4제1항 및 별지 제3호서식).
건축구조기술사사무소 개설등록을 한 자
건축구조분야 기술사를 보유한 안전진단전문기관
한국시설안전공단"
화재보험의 가입,"특수건물이란?
“특수건물”이란 다음 중 어느 하나에 해당하는 건물을 말합니다(「화재로 인한 재해보상과 보험가입에 관한 법률」 제2조제3호 및 「화재로 인한 재해보상과 보험가입에 관한 법률 시행령」 제2조제1항).
국유 부동산 중 연면적이 1천제곱미터 이상인 건물 및 이 건물과 같은 용도로 사용하는 부속건물(다만, 대통령관저와 특수용도로 사용하는 건물로서 금융위원회가 지정하는 건물 제외)
공유 부동산 중 연면적이 1천제곱미터 이상인 건물 및 이 건물과 같은 용도로 사용하는 부속건물(다만, 한국지방재정공제회 또는 「교육시설 등의 안전 및 유지관리 등에 관한 법률」 제35조에 따른 한국교육시설안전원이 운영하는 공제 중 특약부화재보험과 같은 정도의 손해를 보상하는 공제에 가입한 지방자치단체 소유 건물 제외)
학원으로 사용하는 부분의 바닥면적의 합계가 2천제곱미터 이상인 건물
병원급 의료기관으로 사용하는 건물로서 연면적의 합계가 3천제곱미터 이상인 건물
관광숙박업으로 사용하는 건물로서 연면적의 합계가 3천제곱미터 이상인 건물
숙박업으로 사용하는 부분의 바닥면적의 합계가 3천제곱미터 이상인 건물
공연장으로 사용하는 건물로서 연면적의 합계가 3천제곱미터 이상인 건물
방송사업을 목적으로 사용하는 건물로서 연면적의 합계가 3천제곱미터 이상인 건물
대규모점포로 사용하는 부분의 바닥면적의 합계가 3천제곱미터 이상인 건물
농수산물도매시장 및 민영농수산물도매시장으로 사용하는 건물로서 연면적의 합계가 3천제곱미터 이상인 건물(다만, 한국지방재정공제회가 운영하는 공제 중 특약부화재보험과 같은 정도의 손해를 보상하는 공제에 가입한 지방자치단체 및 지방공기업 소유의 건물 제외)
다음 중 어느 하나의 영업으로 사용하는 부분의 바닥면적의 합계가 2천제곱미터 이상인 건물
√ 게임제공업
√ 인터넷컴퓨터게임시설제공업
√ 노래연습장업
√ 휴게음식점 영업
√ 일반음식점 영업
√ 단란주점 영업
√ 유흥주점 영업
학교로 사용하는 건물로서 연면적의 합계가 3천제곱미터 이상인 건물(다만, 사단법인 교육시설재난공제회가 운영하는 공제 중 특약부화재보험과 같은 정도의 손해를 보상하는 공제에 가입한 건물 제외)
공동주택으로서 16층 이상의 아파트 및 부속건물(이 경우 관리주체에 의해 관리되는 동일한 아파트단지 안에 있는 15층 이하의 아파트 포함)
공장으로서 연면적의 합계가 3천제곱미터 이상인 건물
층수가 11층 이상인 건물[다만, 아파트(위의 아파트 제외)·창고 및 모든 층을 주차용도로 사용하는 건물과 한국지방재정공제회가 운영하는 공제 중 특약부화재보험과 같은 정도의 손해를 보상하는 공제에 가입한 지방자치단체 및 지방공기업 소유의 건물 제외]
목욕장업으로 사용하는 부분의 바닥면적의 합계가 2천제곱미터 이상인 건물
영화상영관으로 사용하는 부분의 바닥면적의 합계가 2천제곱미터 이상인 건물
도시철도의 역사(驛舍) 및 역 시설로 사용하는 부분의 바닥면적의 합계가 3천제곱미터 이상인 역사 및 역 시설(다만, 한국지방재정공제회가 운영하는 공제 중 특약부화재보험과 같은 정도의 손해를 보상하는 공제에 가입한 지방자치단체 및 지방공기업 소유의 역사 및 역 시설 제외)
실내사격장으로 사용하는 건물
특수건물 소유자의 손해배상책임
특수건물의 소유자는 다음과 같은 손해가 발생한 경우에는 과실이 없어도 법률에서 정한 보험금액의 범위에서 그 손해를 배상할 책임이 있습니다(「화재로 인한 재해보상과 보험가입에 관한 법률」 제4조제1항 전단).
특수건물의 화재로 다른 사람이 사망하거나 부상을 입은 경우
특수건물의 화재로 다른 사람의 재물에 손해가 발생한 경우
이 경우 특수건물의 소유자는 경과실(輕過失)인 경우에도 그 손해를 배상할 책임이 있습니다(「화재로 인한 재해보상과 보험가입에 관한 법률」 제4조제1항 후단).
보험가입의무
특수건물의 소유자는 특수건물의 화재로 인한 해당 건물의 손해를 보상받고 위의 손해배상책임을 이행하기 위하여 특수건물에 대해 손해보험회사가 운영하는 특약부화재보험에 가입해야 합니다(「화재로 인한 재해보상과 보험가입에 관한 법률」 제5조제1항 본문).
다만, 종업원에 대하여 「산업재해보상보험법」에 따른 산업재해보상보험에 가입하고 있는 경우에는 그 종업원에 대한 손해배상책임 중 사망이나 부상에 따른 손해배상책임을 담보하는 보험에 가입하지 않을 수 있습니다(「화재로 인한 재해보상과 보험가입에 관한 법률」 제5조제1항 단서).
손해보험회사는 이러한 특약부화재보험계약의 체결을 거절하지 못합니다(「화재로 인한 재해보상과 보험가입에 관한 법률」 제5조제3항).
위반 시 제재
특약부화재보험에 가입하지 않은 자는 500만원 이하의 벌금에 처해 집니다(「화재로 인한 재해보상과 보험가입에 관한 법률」 제23조)."
제설·제빙 작업 및 긴급구호 협조 의무,"제설·제빙 작업의 시행의무
건물의 소유자·점유자 또는 관리자로서 그 건물의 관리책임이 있는 자는 관리하고 있는 건물 주변의 보도, 이면도로, 보행자 전용도로, 시설물의 지붕(다음의 요건을 모두 갖춘 시설물의 지붕만 해당)에 대한 제설·제빙작업을 해야 합니다(「자연재해대책법」 제27조제1항 및 「자연재해대책법 시행령」 제22조의8).
특수구조 건축물에 해당하는 시설물로서 공업화박판강구조(PEB구조) 또는 아치판넬 시공 구조로 된 시설물일 것[「지붕 제설제빙 대상 시설물의 구조에 관한 고시」(행정안전부 고시 제2017-1호, 2017. 7. 26. 발령·시행) 제2조].
다음 중 어느 하나에 해당하는 시설물일 것
√ 특정 관리대상으로 지정된 시설
√ 공장으로서 연면적이 500제곱미터 이상인 공장
√ 1종시설물 및 2종시설물
건물의 소유자·점유자 또는 관리자의 구체적 제설·제빙 책임범위 등 필요한 사항은 해당 지방자치단체의 조례로 정합니다(「자연재해대책법」 제27조제2항).
※ 제설·제빙 책임범위의 예시 「서울특별시 건축물관리자의 제설·제빙에 관한 조례」(서울특별시조례 제7423호, 2019. 12. 31. 발령·시행)의 경우 제설·제빙 책임 순위(제3조)√ 소유자가 건축물 내에 거주하는 경우: 소유자·점유자 및 관리자 순√ 소유자가 건축물 내에 거주하지 않는 경우: 점유자·관리자 및 소유자 순√ 다만, 건축물의 소유자·점유자 또는 관리자간에 합의가 된 경우에는 그 순위에 따름 제설·제빙을 해야 하는 범위(제4조)√ 보도： 해당 건축물의 대지에 접한 구간√ 이면도로 및 보행자전용도로√ 제설·제빙 대상 건축물의 최상층 지붕면의 구간(옥탑층이 있을 경우 옥탑층의 지붕구간 포함)√ 제설·제빙 대상 건축물의 여러 층에 복합적으로 지붕이 형성된 경우에는 모든 지붕구간
구호를 위한 건물 사용 협조의무
구호기관은 구호를 하기 위하여 특별히 필요하다고 인정되는 경우에는 다른 사람 소유의 토지 또는 건물 등을 사용할 수 있습니다(「재해구호법」 제9조제1항).
※ 구호기관이란? 구호 대상자(이재민, 일시대피자, 재해로 인한 심리적 안정과 사회적응 지원이 필요한 사람 등)의 거주지 또는 재해 발생지를 관할하는 특별시장·광역시장·특별자치시장·도지사·특별자치도지사 및 시장·군수·구청장을 말합니다(「재해구호법」 제2조제3호 및 제3조).
구호기관이 다른 사람 소유의 토지 또는 건물 등을 사용하는 경우에는 미리 토지 또는 건물 등의 소유자 또는 점유자(이하 “소유자 등”이라 한다)에게 통지하여 승낙을 받아야 합니다(「재해구호법」 제9조제2항 전단).
이 경우 소유자 등은 정당한 사유가 없으면 적극 협조해야 합니다(「재해구호법」 제9조제2항 후단).
소유자 등은 구호기관의 사용으로 손실이 발생한 경우에는 그 손실에 대하여 정당한 보상을 받을 수 있습니다(「재해구호법」 제9조제3항).
위반 시 제재
구호기관의 사용 통지에 대하여 정당한 사유 없이 협조하지 않은 소유자 등은 500만원 이하의 과태료를 부과받게 됩니다(「재해구호법」 제36조제1항제1호)."
